theorem,mutant,result,encoding,nunchaku,recovery,cvc5,smbc,kodkod
Nat.sub_lt_iff_lt_add,0,SAT,7,53,0,true,true,false
Nat.sub_lt_iff_lt_add,1,SAT,8,53,0,true,true,false
Nat.sub_lt_iff_lt_add,2,SAT,8,104,1,true,true,false
Nat.sub_lt_iff_lt_add,3,SAT,8,53,0,true,true,false
Nat.sub_lt_iff_lt_add,4,SAT,7,54,0,true,true,false
Nat.sub_lt_iff_lt_add,5,SAT,7,53,0,true,true,false
Nat.sub_lt_iff_lt_add,6,SAT,7,53,0,true,true,false
Nat.sub_lt_iff_lt_add,7,SAT,7,54,0,true,true,false
Nat.sub_lt_iff_lt_add,8,SAT,7,54,0,true,true,false
Nat.one_lt_iff_ne_zero_and_ne_one,0,SAT,7,53,0,true,true,false
Nat.one_lt_iff_ne_zero_and_ne_one,1,SAT,8,53,1,true,true,false
Nat.shiftLeft_succ,0,SAT,2,54,0,true,true,false
Nat.shiftLeft_succ,1,SAT,2,454,0,true,true,false
Nat.mul_self_sub_mul_self_eq,0,SAT,1,54,0,true,true,false
Nat.mul_self_sub_mul_self_eq,1,SAT,2,54,0,false,true,false
Nat.one_mod_two_pow_eq_one,0,SAT,10,54,0,true,true,false
Nat.one_mod_two_pow_eq_one,1,SAT,8,54,0,true,true,false
Nat.pow_add_one',0,SAT,2,53,0,true,true,false
Nat.pow_add_one',1,SAT,2,53,0,false,true,false
Nat.sub_max_sub_left,0,UNKNOWN,10,10416,0,false,false,false
Nat.sub_max_sub_left,1,UNKNOWN,10,10465,0,false,false,false
Nat.sub_max_sub_left,2,UNKNOWN,10,10316,0,false,false,false
Nat.sub_max_sub_left,3,UNKNOWN,10,10466,0,false,false,false
Nat.sub_max_sub_left,4,UNKNOWN,10,10466,0,false,false,false
Nat.sub_max_sub_left,5,UNKNOWN,10,10467,0,false,false,false
Nat.mul_dvd_of_dvd_div,0,UNKNOWN,8,11068,0,false,false,false
Nat.mul_dvd_of_dvd_div,1,UNKNOWN,1,11067,0,false,false,false
Nat.mul_dvd_of_dvd_div,2,UNKNOWN,8,11066,0,false,false,false
Nat.mul_dvd_of_dvd_div,3,UNKNOWN,8,11066,0,false,false,false
Nat.mul_dvd_of_dvd_div,4,UNKNOWN,8,11066,0,false,false,false
Nat.mul_dvd_of_dvd_div,5,UNKNOWN,9,11070,0,false,false,false
Nat.mul_dvd_of_dvd_div,6,UNKNOWN,8,11068,0,false,false,false
Nat.mul_dvd_of_dvd_div,7,UNKNOWN,9,11067,0,false,false,false
Nat.le_and_le_add_one_iff,0,SAT,7,53,0,true,true,false
Nat.le_and_le_add_one_iff,1,SAT,7,53,0,true,true,false
Nat.le_and_le_add_one_iff,2,SAT,7,53,0,true,true,false
Nat.le_and_le_add_one_iff,3,SAT,7,53,0,true,true,false
Nat.le_mul_of_pos_left,0,SAT,8,53,0,true,true,false
Nat.le_mul_of_pos_left,1,SAT,7,53,0,true,true,false
Nat.le_mul_of_pos_left,2,UNKNOWN,8,11068,1,false,false,false
Nat.exists_eq_add_of_lt,0,UNKNOWN,2,11068,0,false,false,false
Nat.exists_eq_add_of_lt,1,UNKNOWN,7,11068,0,false,false,false
Nat.exists_eq_add_of_lt,2,UNKNOWN,7,11067,1,false,false,false
Nat.succ_max_succ,0,UNKNOWN,8,9717,0,false,false,false
Nat.succ_max_succ,1,UNKNOWN,9,9866,0,false,false,false
Nat.succ_add_sub_one,0,SAT,2,53,0,true,true,false
Nat.succ_add_sub_one,1,SAT,1,54,0,true,true,false
Nat.add_lt_add_of_le_of_lt,0,SAT,7,54,1,true,true,false
Nat.add_lt_add_of_le_of_lt,1,SAT,7,53,0,true,true,false
Nat.add_lt_add_of_le_of_lt,2,SAT,8,53,0,true,true,false
Nat.add_lt_add_of_le_of_lt,3,SAT,7,54,0,true,true,false
Nat.add_lt_add_of_le_of_lt,4,SAT,7,54,0,true,true,false
Nat.add_lt_add_of_le_of_lt,5,SAT,7,54,0,true,true,false
Nat.add_lt_add_of_le_of_lt,6,SAT,7,504,0,true,true,false
Nat.add_lt_add_of_le_of_lt,7,SAT,7,104,0,true,true,false
Nat.add_lt_add_of_le_of_lt,8,SAT,8,54,0,true,true,false
Nat.add_lt_add_of_le_of_lt,9,SAT,7,54,0,true,true,false
Nat.add_lt_add_of_le_of_lt,10,SAT,7,54,0,true,true,false
Nat.add_lt_add_of_le_of_lt,11,SAT,7,53,0,true,true,false
Nat.add_lt_add_of_le_of_lt,12,UNKNOWN,7,11117,0,false,false,false
Nat.add_lt_add_of_le_of_lt,13,SAT,6,54,0,true,true,false
Nat.add_lt_add_of_le_of_lt,14,UNKNOWN,7,11118,0,false,false,false
Nat.forall_lt_succ_left',0,SAT,8,53,1,true,true,false
Nat.add_succ_sub_one,0,SAT,2,53,0,true,true,false
Nat.add_succ_sub_one,1,SAT,1,55,0,true,true,false
Nat.dvd_iff_dvd_dvd,0,UNKNOWN,2,11067,0,false,false,false
Nat.dvd_iff_dvd_dvd,1,UNKNOWN,2,11067,0,false,false,false
Nat.dvd_iff_dvd_dvd,2,UNKNOWN,1,11067,0,false,false,false
Nat.min_self_assoc',0,UNKNOWN,9,9665,0,false,false,false
Nat.min_self_assoc',1,UNKNOWN,9,9867,0,false,false,false
Nat.add_eq_two_iff,0,SAT,1,54,0,true,true,false
Nat.add_eq_two_iff,1,SAT,1,53,0,true,true,false
Nat.add_eq_two_iff,2,SAT,1,53,0,true,true,false
Nat.add_eq_two_iff,3,SAT,1,53,1,true,true,false
Nat.eq_of_dvd_of_div_eq_one,0,SAT,8,53,0,true,true,false
Nat.eq_of_dvd_of_div_eq_one,1,SAT,1,54,0,true,true,false
Nat.eq_of_dvd_of_div_eq_one,2,UNSAT,8,54,0,true,true,false
Nat.eq_of_dvd_of_div_eq_one,3,UNSAT,8,54,0,true,true,false
Nat.one_mod_eq_one,0,SAT,8,53,1,true,true,false
Nat.lt_two_pow_self,0,SAT,8,54,0,true,true,false
Nat.mul_dvd_mul_iff_right,0,UNKNOWN,2,11066,0,false,false,false
Nat.mul_dvd_mul_iff_right,1,UNKNOWN,7,11068,0,false,false,false
Nat.mul_dvd_mul_iff_right,2,UNKNOWN,7,11067,0,false,false,false
Nat.mul_dvd_mul_iff_right,3,UNKNOWN,7,11070,0,false,false,false
Nat.mul_dvd_mul_iff_right,4,UNKNOWN,7,11065,0,false,false,false
Nat.mul_dvd_mul_iff_right,5,UNKNOWN,7,11066,0,false,false,false
Nat.mul_dvd_mul_iff_right,6,UNKNOWN,7,11067,0,false,false,false
Nat.mul_dvd_mul_iff_right,7,UNKNOWN,8,11066,0,false,false,false
Nat.succ_mul_succ,0,SAT,2,53,0,true,true,false
Nat.succ_mul_succ,1,SAT,2,103,0,true,true,false
Nat.div_ne_zero_iff,0,SAT,8,504,0,true,true,false
Nat.div_ne_zero_iff,1,SAT,8,53,0,true,true,false
Nat.div_ne_zero_iff,2,SAT,8,504,0,true,true,false
Nat.div_add_mod',0,SAT,9,53,0,false,true,false
Nat.div_add_mod',1,SAT,9,1005,0,true,true,false
Nat.div_eq_zero_iff,0,SAT,8,54,0,true,true,false
Nat.div_eq_zero_iff,1,SAT,8,53,0,true,true,false
Nat.div_eq_zero_iff,2,SAT,8,53,0,true,true,false
Nat.div_eq_zero_iff,3,SAT,7,54,0,true,true,false
Nat.div_eq_zero_iff,4,SAT,8,54,0,true,true,false
Nat.mul_mod_mul_right,0,SAT,8,53,1,true,true,false
Nat.mul_mod_mul_right,1,SAT,9,54,0,true,true,false
Nat.mul_mod_mul_right,2,SAT,8,54,0,true,true,false
Nat.mul_mod_mul_right,3,SAT,8,54,0,true,true,false
Nat.mul_mod_mul_right,4,SAT,8,54,0,true,true,false
Nat.mul_mod_mul_right,5,SAT,8,504,0,true,true,false
Nat.pow_mul',0,SAT,1,54,0,true,true,false
Nat.pow_mul',1,SAT,1,54,0,true,true,false
Nat.pow_mul',2,SAT,1,54,0,true,true,false
Nat.pow_mul',3,SAT,2,53,0,true,true,false
Nat.pow_mul',4,SAT,2,53,0,true,true,false
Nat.pow_mul',5,SAT,2,54,0,true,true,false
Nat.one_lt_pow',0,SAT,8,405,0,true,true,false
Nat.one_lt_pow',1,UNKNOWN,8,11068,0,false,false,false
Nat.one_lt_pow',2,UNKNOWN,6,11069,0,false,false,false
Nat.add_pos_iff_pos_or_pos,0,SAT,7,454,0,true,true,false
Nat.add_pos_iff_pos_or_pos,1,SAT,7,53,0,true,true,false
Nat.add_pos_iff_pos_or_pos,2,SAT,8,53,0,true,true,false
Nat.add_pos_iff_pos_or_pos,3,SAT,6,54,0,true,true,false
Nat.add_pos_iff_pos_or_pos,4,SAT,7,53,0,true,true,false
Nat.mul_add_div,0,SAT,8,54,0,true,true,false
Nat.mul_add_div,1,SAT,8,154,0,true,true,false
Nat.mul_add_div,2,SAT,9,54,0,true,true,false
Nat.mul_add_div,3,SAT,9,2757,1,true,true,false
Nat.mul_add_div,4,SAT,10,105,0,true,true,false
Nat.mul_add_div,5,SAT,8,54,0,true,true,false
Nat.mul_add_div,6,SAT,9,53,1,true,true,false
Nat.mul_mul_mul_comm,0,SAT,1,54,0,true,true,false
Nat.mul_mul_mul_comm,1,SAT,1,53,0,true,true,false
Nat.mul_mul_mul_comm,2,SAT,1,53,0,true,true,false
Nat.mul_mul_mul_comm,3,SAT,1,54,0,true,true,false
Nat.mul_mul_mul_comm,4,SAT,1,54,0,true,true,false
Nat.mul_mul_mul_comm,5,SAT,1,54,0,true,true,false
Nat.mul_mul_mul_comm,6,SAT,1,54,0,true,true,false
Nat.mul_mul_mul_comm,7,SAT,2,53,0,true,true,false
Nat.mul_mul_mul_comm,8,SAT,1,54,0,true,true,false
Nat.mul_mul_mul_comm,9,SAT,1,54,0,true,true,false
Nat.mul_mul_mul_comm,10,SAT,1,54,0,true,true,false
Nat.mul_mul_mul_comm,11,SAT,1,54,0,true,true,false
Nat.div_left_inj,0,SAT,7,55,0,true,true,false
Nat.div_left_inj,1,SAT,7,55,0,true,true,false
Nat.div_left_inj,2,SAT,8,54,0,true,true,false
Nat.div_left_inj,3,SAT,8,54,0,true,true,false
Nat.div_left_inj,4,SAT,7,505,0,true,true,false
Nat.div_left_inj,5,SAT,9,53,0,true,true,false
Nat.div_left_inj,6,SAT,8,504,0,false,true,false
Nat.div_left_inj,7,SAT,8,504,1,true,true,false
Nat.div_left_inj,8,SAT,8,504,0,true,true,false
Nat.add_eq_min_iff,0,UNKNOWN,8,11068,0,false,false,false
Nat.add_eq_min_iff,1,UNKNOWN,10,11068,0,false,false,false
Nat.add_eq_min_iff,2,UNKNOWN,9,11068,0,false,false,false
Nat.sub_add_eq_max,0,UNKNOWN,9,11068,0,false,false,false
Nat.sub_add_eq_max,1,UNKNOWN,9,11065,1,false,false,false
Nat.eq_zero_of_le_div,0,SAT,8,54,0,true,true,false
Nat.eq_zero_of_le_div,1,SAT,6,54,0,true,true,true
Nat.eq_zero_of_le_div,2,SAT,7,54,0,true,true,false
Nat.div_eq_self,0,SAT,8,504,0,true,true,false
Nat.div_eq_self,1,SAT,7,54,0,true,true,false
Nat.div_eq_self,2,SAT,8,53,0,true,true,false
Nat.div_eq_self,3,SAT,8,54,0,true,true,false
Nat.pow_pred_lt_pow,0,SAT,7,54,0,true,true,false
Nat.pow_pred_lt_pow,1,SAT,7,54,0,true,true,false
Nat.pow_pred_lt_pow,2,SAT,9,905,0,true,true,false
Nat.pow_pred_lt_pow,3,SAT,8,53,0,false,true,false
Nat.pow_pred_lt_pow,4,SAT,7,54,0,true,true,false
Nat.mod_mod,0,SAT,7,53,0,true,true,false
Nat.mod_mod,1,SAT,8,255,0,true,true,false
Nat.mul_mod_mod,0,SAT,8,54,0,true,true,false
Nat.mul_mod_mod,1,SAT,8,4711,0,true,true,false
Nat.mul_mod_mod,2,SAT,8,54,0,true,true,false
Nat.mul_mod_mod,3,SAT,8,504,0,true,true,false
Nat.mul_mod_mod,4,SAT,8,54,0,true,true,false
Nat.mul_mod_mod,5,SAT,9,54,0,true,true,false
Nat.add_pos_left,0,SAT,7,54,0,true,true,false
Nat.add_pos_left,1,UNKNOWN,7,10267,0,false,false,false
Nat.add_pos_left,2,SAT,8,104,1,true,true,false
Nat.add_pos_left,3,SAT,7,54,0,true,true,false
Nat.add_eq_left,0,SAT,1,53,0,true,true,false
Nat.add_eq_left,1,SAT,1,53,0,true,true,false
Nat.add_eq_left,2,SAT,1,54,0,true,true,false
Nat.eq_mul_of_div_eq_left,0,SAT,8,53,0,true,true,false
Nat.eq_mul_of_div_eq_left,1,SAT,2,53,0,true,true,false
Nat.eq_mul_of_div_eq_left,2,SAT,9,6261,0,false,true,false
Nat.eq_mul_of_div_eq_left,3,SAT,8,504,1,false,true,false
Nat.eq_mul_of_div_eq_left,4,SAT,8,54,0,true,true,false
Nat.eq_mul_of_div_eq_left,5,SAT,8,53,1,true,true,false
Nat.eq_mul_of_div_eq_left,6,SAT,7,54,0,false,true,false
Nat.eq_mul_of_div_eq_left,7,SAT,8,54,0,false,true,false
Nat.pred_min_pred,0,UNKNOWN,9,9715,0,false,false,false
Nat.pred_min_pred,1,UNKNOWN,9,9816,0,false,false,false
Nat.pred_min_pred,2,UNKNOWN,9,9816,0,false,false,false
Nat.pow_add',0,SAT,2,54,0,true,true,false
Nat.pow_add',1,SAT,1,54,0,true,true,false
Nat.pow_add',2,SAT,1,455,0,true,true,false
Nat.pow_add',3,SAT,2,53,1,true,true,false
Nat.pow_add',4,SAT,1,54,0,true,true,false
Nat.pow_add',5,SAT,1,54,0,true,true,false
Nat.div_lt_div_left,0,SAT,8,54,0,true,true,false
Nat.div_lt_div_left,1,SAT,8,54,0,true,true,false
Nat.div_lt_div_left,2,SAT,7,54,0,true,true,false
Nat.div_lt_div_left,3,SAT,8,54,0,false,true,false
Nat.div_lt_div_left,4,SAT,9,53,1,false,true,false
Nat.div_lt_div_left,5,SAT,8,505,0,false,true,false
Nat.div_lt_div_left,6,SAT,9,504,0,false,true,false
Nat.div_lt_div_left,7,SAT,8,505,0,false,true,false
Nat.div_lt_div_left,8,SAT,8,54,0,false,true,false
Nat.div_lt_div_left,9,SAT,8,54,0,false,true,false
Nat.div_lt_div_left,10,SAT,8,54,0,true,true,false
Nat.succ_min_succ,0,UNKNOWN,8,9817,0,false,false,false
Nat.succ_min_succ,1,UNKNOWN,9,9866,0,false,false,false
Nat.dvd_div_iff_mul_dvd,0,UNKNOWN,8,11067,0,false,false,false
Nat.dvd_div_iff_mul_dvd,1,UNKNOWN,8,11067,0,false,false,false
Nat.dvd_div_iff_mul_dvd,2,UNKNOWN,8,11067,0,false,false,false
Nat.dvd_div_iff_mul_dvd,3,UNKNOWN,8,11068,0,false,false,false
Nat.dvd_div_iff_mul_dvd,4,UNKNOWN,8,11067,0,false,false,false
Nat.dvd_div_iff_mul_dvd,5,UNKNOWN,8,11067,0,false,false,false
Nat.dvd_div_iff_mul_dvd,6,UNKNOWN,8,11067,0,false,false,false
Nat.dvd_div_iff_mul_dvd,7,UNKNOWN,9,11066,0,false,false,false
Nat.eq_of_dvd_of_lt_two_mul,0,SAT,7,53,0,true,true,false
Nat.eq_of_dvd_of_lt_two_mul,1,SAT,7,53,0,true,true,false
Nat.eq_of_dvd_of_lt_two_mul,2,SAT,1,54,0,true,true,false
Nat.eq_of_dvd_of_lt_two_mul,3,UNSAT,7,53,0,true,true,false
Nat.eq_of_dvd_of_lt_two_mul,4,UNSAT,7,54,0,true,true,false
Nat.mod_two_eq_zero_or_one,0,SAT,8,54,0,true,true,false
Nat.eq_zero_of_dvd_of_div_eq_zero,0,SAT,7,505,0,true,true,false
Nat.eq_zero_of_dvd_of_div_eq_zero,1,SAT,1,54,0,true,true,false
Nat.eq_zero_of_dvd_of_div_eq_zero,2,SAT,8,53,0,true,true,false
Nat.add_le_mul,0,SAT,7,53,0,true,true,false
Nat.add_le_mul,1,SAT,6,54,0,true,true,false
Nat.add_le_mul,2,UNKNOWN,7,11067,0,false,false,false
Nat.add_le_mul,3,UNKNOWN,7,11065,0,false,false,false
Nat.sub_sub_self,0,SAT,1,54,0,true,true,true
Nat.sub_sub_self,1,SAT,8,54,0,true,true,true
Nat.sub_sub_self,2,SAT,7,54,0,true,true,true
Nat.dvd_add_right,0,UNKNOWN,1,11068,0,false,false,false
Nat.dvd_add_right,1,UNKNOWN,2,11067,0,false,false,false
Nat.dvd_add_right,2,UNKNOWN,1,11067,1,false,false,false
Nat.dvd_add_right,3,UNKNOWN,1,11067,0,false,false,false
Nat.dvd_add_right,4,UNKNOWN,1,11068,0,false,false,false
Nat.dvd_add_right,5,UNKNOWN,1,11066,0,false,false,false
Nat.dvd_add_right,6,UNKNOWN,2,11067,0,false,false,false
Nat.dvd_add_right,7,UNKNOWN,1,11067,0,false,false,false
Nat.mod_eq_iff,0,SAT,7,155,1,true,false,false
Nat.mod_eq_iff,1,SAT,7,1357,0,true,false,false
Nat.mod_eq_iff,2,SAT,8,2157,0,true,false,false
Nat.mod_eq_iff,3,SAT,8,54,0,true,false,false
Nat.mod_eq_iff,4,SAT,9,858,0,true,false,false
Nat.mod_eq_iff,5,SAT,8,55,0,true,false,false
Nat.mod_eq_iff,6,SAT,8,54,0,true,false,false
Nat.mod_eq_iff,7,UNKNOWN,9,11066,0,false,false,false
Nat.mod_eq_iff,8,SAT,9,6560,0,true,false,false
Nat.sub_lt_iff_lt_add',0,SAT,7,54,0,true,true,false
Nat.sub_lt_iff_lt_add',1,SAT,7,204,0,true,true,false
Nat.sub_lt_iff_lt_add',2,SAT,7,53,0,true,true,false
Nat.sub_lt_iff_lt_add',3,SAT,8,53,0,true,true,false
Nat.sub_lt_iff_lt_add',4,SAT,8,54,0,true,true,false
Nat.sub_lt_iff_lt_add',5,SAT,8,53,0,true,true,false
Nat.sub_lt_iff_lt_add',6,SAT,7,54,0,true,true,false
Nat.sub_lt_iff_lt_add',7,SAT,7,54,0,true,true,false
Nat.sub_lt_iff_lt_add',8,SAT,7,54,0,true,true,false
Nat.div_le_iff_le_mul_of_dvd,0,UNKNOWN,8,11069,0,false,false,false
Nat.div_le_iff_le_mul_of_dvd,1,SAT,8,504,0,true,true,false
Nat.div_le_iff_le_mul_of_dvd,2,SAT,8,54,0,true,true,false
Nat.div_le_iff_le_mul_of_dvd,3,SAT,8,54,0,false,true,false
Nat.div_le_iff_le_mul_of_dvd,4,SAT,8,54,0,true,true,false
Nat.div_le_iff_le_mul_of_dvd,5,SAT,8,54,0,true,true,false
Nat.div_le_iff_le_mul_of_dvd,6,SAT,8,54,0,true,true,false
Nat.div_le_iff_le_mul_of_dvd,7,SAT,8,54,0,true,true,false
Nat.div_le_iff_le_mul_of_dvd,8,SAT,8,53,0,true,true,false
Nat.le_succ_iff,0,SAT,6,54,0,true,true,true
Nat.le_succ_iff,1,SAT,6,54,0,true,true,true
Nat.le_succ_iff,2,SAT,6,454,0,true,true,true
Nat.le_succ_iff,3,SAT,7,53,0,true,true,true
Nat.div_pos_iff,0,SAT,8,54,0,true,true,false
Nat.div_pos_iff,1,SAT,9,54,0,true,true,false
Nat.div_pos_iff,2,SAT,7,505,0,true,true,false
Nat.div_pos_iff,3,SAT,8,505,0,true,true,false
Nat.exists_eq_add_of_le',0,UNKNOWN,1,9565,0,false,false,false
Nat.exists_eq_add_of_le',1,UNKNOWN,7,11067,0,false,false,false
Nat.exists_eq_add_of_le',2,UNKNOWN,6,11068,0,false,false,false
Nat.le_of_pred_lt,0,SAT,6,54,0,true,true,true
Nat.le_of_pred_lt,1,UNSAT,7,53,1,true,true,false
Nat.le_of_pred_lt,2,UNSAT,7,54,0,true,true,false
Nat.le_of_pred_lt,3,UNKNOWN,7,11117,1,false,false,false
Nat.min_max_distrib_left,0,UNKNOWN,10,10165,1,false,false,false
Nat.min_max_distrib_left,1,UNKNOWN,10,10167,0,false,false,false
Nat.min_max_distrib_left,2,UNKNOWN,10,10166,0,false,false,false
Nat.min_max_distrib_left,3,UNKNOWN,9,10268,0,false,false,false
Nat.min_max_distrib_left,4,UNKNOWN,10,10118,0,false,false,false
Nat.min_max_distrib_left,5,UNKNOWN,10,10116,0,false,false,false
Nat.sub_mul_div,0,SAT,8,504,0,false,true,false
Nat.sub_mul_div,1,SAT,8,54,0,false,true,false
Nat.sub_mul_div,2,SAT,8,53,1,true,true,false
Nat.sub_mul_div,3,SAT,7,54,0,true,true,false
Nat.sub_mul_div,4,SAT,8,54,0,true,true,false
Nat.sub_mul_div,5,SAT,8,53,0,true,true,false
Nat.log2_two_mul,0,ERR_ENCODING,1,0,0,false,false,false
Nat.sub_lt_succ,0,UNKNOWN,7,11067,0,false,false,false
Nat.sub_lt_succ,1,UNKNOWN,8,11067,0,false,false,false
Nat.sub_lt_succ,2,SAT,8,504,0,true,true,false
Nat.add_lt_iff_lt_sub_right,0,SAT,8,54,0,true,true,false
Nat.add_lt_iff_lt_sub_right,1,SAT,7,54,0,true,true,false
Nat.add_lt_iff_lt_sub_right,2,SAT,7,54,0,true,true,false
Nat.add_lt_iff_lt_sub_right,3,SAT,7,54,0,true,true,false
Nat.add_lt_iff_lt_sub_right,4,SAT,7,53,0,true,true,false
Nat.add_lt_iff_lt_sub_right,5,SAT,8,53,0,true,true,false
Nat.add_lt_iff_lt_sub_right,6,SAT,8,53,0,true,true,false
Nat.add_lt_iff_lt_sub_right,7,SAT,7,54,0,true,true,false
Nat.min_max_distrib_right,0,UNKNOWN,9,10167,0,false,false,false
Nat.min_max_distrib_right,1,UNKNOWN,10,10066,0,false,false,false
Nat.min_max_distrib_right,2,UNKNOWN,9,10016,0,false,false,false
Nat.min_max_distrib_right,3,UNKNOWN,10,10066,0,false,false,false
Nat.min_max_distrib_right,4,UNKNOWN,9,10066,0,false,false,false
Nat.min_max_distrib_right,5,UNKNOWN,10,10067,0,false,false,false
Nat.pow_pred_mul,0,SAT,2,54,0,true,true,false
Nat.pow_pred_mul,1,SAT,7,504,0,true,true,false
Nat.pow_pred_mul,2,SAT,7,54,0,true,true,false
Nat.pred_eq_succ_iff,0,SAT,2,53,1,true,true,false
Nat.pred_eq_succ_iff,1,SAT,1,54,0,true,true,false
Nat.pred_eq_succ_iff,2,SAT,2,53,1,true,true,false
Nat.mul_left_cancel,0,SAT,1,54,0,true,true,false
Nat.mul_left_cancel,1,SAT,7,54,0,true,true,false
Nat.mul_left_cancel,2,UNSAT,8,54,0,true,true,false
Nat.mul_left_cancel,3,SAT,8,53,0,true,true,false
Nat.mul_left_cancel,4,SAT,7,54,0,true,true,false
Nat.mul_left_cancel,5,UNSAT,7,53,0,true,true,false
Nat.pow_right_comm,0,SAT,1,54,0,true,true,false
Nat.pow_right_comm,1,SAT,1,104,1,true,true,false
Nat.pow_right_comm,2,SAT,2,54,0,true,true,false
Nat.pow_right_comm,3,SAT,1,54,0,true,true,false
Nat.pow_right_comm,4,SAT,1,54,0,true,true,false
Nat.pow_right_comm,5,SAT,1,54,0,true,true,false
Nat.div_mod_unique,0,SAT,9,104,0,true,true,false
Nat.div_mod_unique,1,SAT,9,54,0,true,true,false
Nat.div_mod_unique,2,SAT,9,555,0,true,true,false
Nat.div_mod_unique,3,SAT,9,54,0,true,true,false
Nat.div_mod_unique,4,SAT,9,54,0,true,true,false
Nat.div_mod_unique,5,SAT,9,54,0,true,true,false
Nat.div_mod_unique,6,SAT,9,54,0,true,true,false
Nat.div_mod_unique,7,SAT,9,54,0,true,true,false
Nat.div_mod_unique,8,SAT,8,256,0,true,true,false
Nat.div_mod_unique,9,SAT,9,6261,1,false,true,false
Nat.div_mod_unique,10,SAT,9,54,0,true,true,false
Nat.div_mod_unique,11,SAT,9,54,0,true,true,false
Nat.div_mod_unique,12,SAT,9,554,1,true,true,false
Nat.div_mod_unique,13,SAT,9,54,0,true,true,false
Nat.div_mod_unique,14,SAT,10,554,0,true,true,false
Nat.mul_le_of_le_div,0,SAT,7,54,0,true,true,false
Nat.mul_le_of_le_div,1,SAT,9,53,1,true,true,false
Nat.mul_le_of_le_div,2,SAT,8,104,1,true,true,false
Nat.mul_le_of_le_div,3,SAT,8,504,0,true,true,false
Nat.mul_le_of_le_div,4,SAT,8,504,0,false,true,false
Nat.mul_le_of_le_div,5,SAT,8,54,0,true,true,false
Nat.mul_le_of_le_div,6,SAT,8,54,0,false,true,false
Nat.add_sub_cancel',0,SAT,1,54,0,true,true,false
Nat.add_sub_cancel',1,SAT,7,54,0,true,true,false
Nat.add_sub_cancel',2,SAT,7,54,0,true,true,false
Nat.div_dvd_of_dvd,0,UNKNOWN,7,11068,0,false,false,false
Nat.div_dvd_of_dvd,1,UNKNOWN,8,11069,0,false,false,false
Nat.div_dvd_of_dvd,2,UNKNOWN,8,11068,1,false,false,false
Nat.max_min_distrib_left,0,UNKNOWN,9,9967,0,false,false,false
Nat.max_min_distrib_left,1,UNKNOWN,10,10063,1,false,false,false
Nat.max_min_distrib_left,2,UNKNOWN,10,10217,0,false,false,false
Nat.max_min_distrib_left,3,UNKNOWN,9,10167,0,false,false,false
Nat.max_min_distrib_left,4,UNKNOWN,10,10116,0,false,false,false
Nat.max_min_distrib_left,5,UNKNOWN,10,10117,0,false,false,false
Nat.pred_max_pred,0,UNKNOWN,9,9917,0,false,false,false
Nat.pred_max_pred,1,UNKNOWN,9,9717,0,false,false,false
Nat.pred_max_pred,2,UNKNOWN,8,9767,0,false,false,false
Nat.mul_pos_iff_of_pos_right,0,SAT,7,54,0,true,true,false
Nat.mul_pos_iff_of_pos_right,1,SAT,7,53,0,true,true,false
Nat.mul_pos_iff_of_pos_right,2,SAT,8,104,0,true,true,false
Nat.mul_pos_iff_of_pos_right,3,UNKNOWN,7,11066,0,false,false,false
Nat.mul_pos_iff_of_pos_right,4,SAT,7,54,0,true,true,false
Nat.add_mod,0,SAT,8,54,0,true,true,false
Nat.add_mod,1,SAT,9,504,0,true,true,false
Nat.add_mod,2,SAT,8,355,0,true,true,false
Nat.add_mod,3,SAT,8,54,0,true,true,false
Nat.add_mod,4,SAT,7,54,0,true,true,false
Nat.add_mod,5,SAT,8,54,0,true,true,false
Nat.mul_ne_zero_iff,0,SAT,1,54,0,true,true,false
Nat.mul_ne_zero_iff,1,SAT,1,54,0,true,true,true
Nat.mul_ne_zero_iff,2,SAT,1,54,0,true,true,false
Nat.pow_le_one_iff,0,SAT,7,54,0,true,true,false
Nat.pow_le_one_iff,1,SAT,7,54,0,true,true,false
Nat.pow_le_one_iff,2,UNKNOWN,7,10217,0,false,false,false
Nat.pow_le_one_iff,3,SAT,7,455,0,true,true,false
Nat.lt_of_add_lt_add_left,0,SAT,7,53,0,true,true,false
Nat.lt_of_add_lt_add_left,1,SAT,7,53,0,true,true,false
Nat.lt_of_add_lt_add_left,2,SAT,7,54,0,true,true,false
Nat.lt_of_add_lt_add_left,3,SAT,7,54,0,true,true,false
Nat.lt_of_add_lt_add_left,4,SAT,7,53,0,true,true,false
Nat.lt_of_add_lt_add_left,5,SAT,7,54,0,true,true,false
Nat.add_sub_sub_cancel,0,SAT,1,54,0,true,true,false
Nat.add_sub_sub_cancel,1,SAT,8,54,0,true,true,false
Nat.add_sub_sub_cancel,2,SAT,7,53,1,true,true,false
Nat.add_sub_sub_cancel,3,SAT,8,554,0,true,true,false
Nat.add_sub_sub_cancel,4,SAT,7,54,0,true,true,false
Nat.add_sub_sub_cancel,5,SAT,7,54,0,true,true,false
Nat.add_sub_sub_cancel,6,SAT,7,53,1,true,true,false
Nat.div_lt_div_right,0,UNKNOWN,8,11069,0,false,false,false
Nat.div_lt_div_right,1,UNKNOWN,9,11066,1,false,false,false
Nat.div_lt_div_right,2,SAT,8,3159,0,true,true,false
Nat.div_lt_div_right,3,SAT,9,6261,1,false,true,false
Nat.div_lt_div_right,4,SAT,8,53,1,true,true,false
Nat.div_lt_div_right,5,SAT,8,504,1,true,true,false
Nat.div_lt_div_right,6,SAT,8,505,0,true,true,false
Nat.div_lt_div_right,7,SAT,8,1408,0,true,true,false
Nat.div_lt_div_right,8,SAT,8,54,0,true,true,false
Nat.div_lt_div_right,9,SAT,8,54,0,false,true,false
Nat.div_lt_div_right,10,SAT,8,504,0,true,true,false
Nat.add_right_cancel_iff,0,SAT,1,54,0,true,true,false
Nat.add_right_cancel_iff,1,SAT,1,54,0,true,true,false
Nat.add_right_cancel_iff,2,SAT,1,54,0,true,true,false
Nat.add_right_cancel_iff,3,SAT,1,54,0,true,true,false
Nat.add_right_cancel_iff,4,SAT,1,54,0,true,true,false
Nat.add_right_cancel_iff,5,SAT,1,54,0,true,true,false
Nat.add_right_cancel_iff,6,SAT,1,54,0,true,true,false
Nat.eq_one_of_mul_eq_one_right,0,SAT,1,54,0,true,true,true
Nat.eq_one_of_mul_eq_one_right,1,UNKNOWN,1,10367,0,false,false,false
Nat.mul_self_lt_mul_self,0,SAT,6,54,0,true,true,false
Nat.mul_self_lt_mul_self,1,UNKNOWN,7,11118,0,false,false,false
Nat.mul_self_lt_mul_self,2,SAT,6,55,0,true,true,false
Nat.mul_self_lt_mul_self,3,SAT,8,54,0,true,true,false
Nat.add_succ_lt_add,0,SAT,6,54,0,true,true,false
Nat.add_succ_lt_add,1,SAT,8,53,0,true,true,false
Nat.add_succ_lt_add,2,SAT,8,53,1,true,true,false
Nat.add_succ_lt_add,3,SAT,7,53,0,true,true,false
Nat.add_succ_lt_add,4,SAT,7,805,0,true,true,false
Nat.add_succ_lt_add,5,SAT,7,54,0,true,true,false
Nat.add_succ_lt_add,6,SAT,7,54,0,true,true,false
Nat.add_succ_lt_add,7,SAT,7,54,0,true,true,false
Nat.add_succ_lt_add,8,SAT,7,54,0,true,true,false
Nat.add_succ_lt_add,9,SAT,8,54,0,true,true,false
Nat.add_succ_lt_add,10,SAT,7,305,0,true,true,false
Nat.add_succ_lt_add,11,SAT,7,53,0,true,true,false
Nat.add_succ_lt_add,12,SAT,7,54,0,true,true,false
Nat.add_succ_lt_add,13,SAT,6,54,0,true,true,false
Nat.add_succ_lt_add,14,SAT,7,54,0,true,true,false
Nat.pow_dvd_pow_iff_le_right',0,UNKNOWN,7,11065,0,false,false,false
Nat.pow_dvd_pow_iff_le_right',1,SAT,7,205,0,true,false,false
Nat.pow_dvd_pow_iff_le_right',2,UNKNOWN,8,11066,0,false,false,false
Nat.pow_dvd_pow_iff_le_right',3,SAT,7,155,0,true,false,false
Nat.pow_dvd_pow_iff_le_right',4,SAT,7,54,0,true,false,false
Nat.pow_dvd_pow_iff_le_right',5,UNKNOWN,7,11066,0,false,false,false
Nat.pow_dvd_pow_iff_le_right',6,SAT,7,3459,0,true,false,false
Nat.mod_eq_iff_lt,0,SAT,8,504,0,true,true,false
Nat.mod_eq_iff_lt,1,SAT,8,54,0,true,true,false
Nat.mod_eq_iff_lt,2,SAT,9,53,0,true,true,false
Nat.mod_eq_iff_lt,3,SAT,8,54,0,true,true,false
Nat.mod_eq_iff_lt,4,SAT,8,54,0,true,true,false
Nat.add_right_max_self,0,UNKNOWN,8,11068,0,false,false,false
Nat.add_right_max_self,1,UNKNOWN,9,11067,0,false,false,false
Nat.mul_div_mul_comm,0,SAT,8,54,0,false,true,false
Nat.mul_div_mul_comm,1,SAT,8,54,0,false,true,false
Nat.mul_div_mul_comm,2,SAT,8,54,0,false,true,false
Nat.mul_div_mul_comm,3,SAT,8,504,1,false,true,false
Nat.mul_div_mul_comm,4,SAT,8,54,1,false,true,false
Nat.mul_div_mul_comm,5,SAT,8,504,0,true,true,false
Nat.mul_div_mul_comm,6,SAT,8,6211,1,false,true,false
Nat.mul_div_mul_comm,7,SAT,7,505,0,true,true,false
Nat.mul_div_mul_comm,8,SAT,8,54,0,true,true,false
Nat.mul_div_mul_comm,9,SAT,8,54,0,false,true,false
Nat.mul_div_mul_comm,10,SAT,9,505,0,true,true,false
Nat.mul_div_mul_comm,11,SAT,8,54,0,true,true,false
Nat.mul_div_mul_comm,12,SAT,9,504,0,false,true,false
Nat.mul_div_mul_comm,13,SAT,8,54,0,true,true,false
Nat.mul_ne_mul_right,0,SAT,1,54,0,true,true,false
Nat.mul_ne_mul_right,1,SAT,1,454,1,true,true,false
Nat.mul_ne_mul_right,2,SAT,2,53,0,true,true,false
Nat.mul_ne_mul_right,3,SAT,1,54,0,true,true,false
Nat.mul_ne_mul_right,4,SAT,2,54,0,true,true,false
Nat.mul_ne_mul_right,5,SAT,1,54,0,true,true,false
Nat.mul_ne_mul_right,6,SAT,2,53,0,true,true,false
Nat.mul_ne_mul_right,7,SAT,2,54,0,true,true,false
Nat.add_left_max_self,0,UNKNOWN,9,11068,0,false,false,false
Nat.add_left_max_self,1,UNKNOWN,9,11069,0,false,false,false
Nat.pow_mul,0,SAT,2,204,0,true,true,false
Nat.pow_mul,1,SAT,1,54,0,true,true,false
Nat.pow_mul,2,SAT,2,53,0,true,true,false
Nat.pow_mul,3,SAT,2,604,0,true,true,false
Nat.pow_mul,4,SAT,2,54,0,true,true,false
Nat.pow_mul,5,SAT,1,55,0,true,true,false
Nat.sub_mod_eq_zero_of_mod_eq,0,SAT,8,55,0,true,true,false
Nat.sub_mod_eq_zero_of_mod_eq,1,SAT,8,504,0,false,true,false
Nat.sub_mod_eq_zero_of_mod_eq,2,SAT,7,54,0,true,true,false
Nat.sub_mod_eq_zero_of_mod_eq,3,UNKNOWN,8,10216,0,false,false,false
Nat.sub_mod_eq_zero_of_mod_eq,4,SAT,8,55,0,true,true,false
Nat.sub_mod_eq_zero_of_mod_eq,5,UNKNOWN,8,10216,0,false,false,false
Nat.sub_mod_eq_zero_of_mod_eq,6,SAT,8,54,0,true,true,false
Nat.sub_one,0,UNSAT,1,53,0,true,true,false
Nat.lt_div_mul_add,0,SAT,9,54,0,true,true,false
Nat.lt_div_mul_add,1,SAT,8,54,0,false,true,false
Nat.lt_div_mul_add,2,SAT,8,54,0,true,true,false
Nat.lt_div_mul_add,3,SAT,8,54,0,true,true,false
Nat.dvd_iff_le_div_mul,0,SAT,8,55,0,true,false,false
Nat.dvd_iff_le_div_mul,1,SAT,8,155,0,true,false,false
Nat.dvd_iff_le_div_mul,2,SAT,8,155,0,true,false,false
Nat.mul_ne_zero,0,SAT,1,54,0,true,true,false
Nat.mul_ne_zero,1,SAT,1,54,0,true,true,false
Nat.mul_ne_zero,2,UNSAT,1,54,0,true,true,false
Nat.mul_ne_zero,3,UNSAT,1,54,0,true,true,false
Nat.pow_lt_pow_iff_pow_mul_le_pow,0,SAT,7,54,1,true,true,false
Nat.pow_lt_pow_iff_pow_mul_le_pow,1,SAT,7,54,0,true,true,false
Nat.pow_lt_pow_iff_pow_mul_le_pow,2,SAT,7,54,0,true,true,false
Nat.pow_lt_pow_iff_pow_mul_le_pow,3,SAT,8,54,0,false,true,false
Nat.pow_lt_pow_iff_pow_mul_le_pow,4,SAT,7,54,0,false,true,false
Nat.pow_lt_pow_iff_pow_mul_le_pow,5,SAT,7,54,0,false,true,false
Nat.pow_lt_pow_iff_pow_mul_le_pow,6,SAT,8,54,0,false,true,false
Nat.pow_lt_pow_iff_pow_mul_le_pow,7,SAT,7,1006,1,true,true,false
Nat.pow_lt_pow_iff_pow_mul_le_pow,8,SAT,9,54,0,true,true,false
Nat.pow_lt_pow_iff_left,0,SAT,8,54,0,true,true,false
Nat.pow_lt_pow_iff_left,1,SAT,7,205,0,true,true,false
Nat.pow_lt_pow_iff_left,2,SAT,7,55,0,true,true,false
Nat.pow_lt_pow_iff_left,3,SAT,7,205,0,true,true,false
Nat.pow_lt_pow_iff_left,4,SAT,8,6262,0,false,true,false
Nat.pow_lt_pow_iff_left,5,SAT,8,555,0,true,true,false
Nat.pow_lt_pow_iff_left,6,SAT,7,154,0,true,true,false
Nat.pow_lt_pow_iff_left,7,SAT,7,455,0,true,true,false
Nat.pow_lt_pow_iff_left,8,SAT,7,455,0,true,true,false
Nat.mul_pos_iff_of_pos_left,0,SAT,7,454,0,true,true,false
Nat.mul_pos_iff_of_pos_left,1,UNKNOWN,7,11069,0,false,false,false
Nat.mul_pos_iff_of_pos_left,2,SAT,7,54,0,true,true,false
Nat.mul_pos_iff_of_pos_left,3,SAT,7,54,0,true,true,false
Nat.mul_pos_iff_of_pos_left,4,SAT,7,54,0,true,true,false
Nat.lt_div_iff_mul_lt_of_dvd,0,UNKNOWN,8,11068,0,false,false,false
Nat.lt_div_iff_mul_lt_of_dvd,1,SAT,7,1006,0,true,true,false
Nat.lt_div_iff_mul_lt_of_dvd,2,SAT,8,1506,0,true,true,false
Nat.lt_div_iff_mul_lt_of_dvd,3,SAT,9,54,0,true,true,false
Nat.lt_div_iff_mul_lt_of_dvd,4,SAT,8,54,0,false,true,false
Nat.lt_div_iff_mul_lt_of_dvd,5,SAT,9,54,0,true,true,false
Nat.lt_div_iff_mul_lt_of_dvd,6,SAT,7,505,0,true,true,false
Nat.lt_div_iff_mul_lt_of_dvd,7,SAT,8,205,0,true,true,false
Nat.lt_div_iff_mul_lt_of_dvd,8,SAT,8,54,0,true,true,false
Nat.lt_div_iff_mul_lt_of_dvd,9,SAT,8,205,0,true,true,false
Nat.pow_le_pow_of_le,0,SAT,6,54,0,true,true,false
Nat.pow_le_pow_of_le,1,SAT,7,54,0,true,true,false
Nat.pow_le_pow_of_le,2,UNSAT,7,54,0,true,true,false
Nat.pow_le_pow_of_le,3,SAT,7,54,0,false,true,false
Nat.pow_le_pow_of_le,4,SAT,8,54,0,false,true,false
Nat.pow_le_pow_of_le,5,SAT,7,54,0,false,true,false
Nat.pow_le_pow_of_le,6,SAT,7,54,0,true,true,false
Nat.pow_le_pow_of_le,7,UNSAT,8,54,0,true,true,false
Nat.add_eq_right,0,SAT,1,54,0,true,true,false
Nat.add_eq_right,1,SAT,1,54,0,true,true,false
Nat.add_eq_right,2,SAT,1,54,0,true,true,false
Nat.le_of_lt_add_of_dvd,0,SAT,7,54,0,true,true,false
Nat.le_of_lt_add_of_dvd,1,SAT,7,53,1,true,true,false
Nat.le_of_lt_add_of_dvd,2,SAT,8,53,1,true,true,false
Nat.le_of_lt_add_of_dvd,3,SAT,7,54,0,true,true,false
Nat.le_of_lt_add_of_dvd,4,SAT,7,53,0,true,true,false
Nat.le_of_lt_add_of_dvd,5,UNSAT,7,454,1,true,true,false
Nat.le_of_lt_add_of_dvd,6,UNSAT,7,54,0,true,true,false
Nat.div_eq_iff_eq_mul_right,0,SAT,8,54,0,true,true,false
Nat.div_eq_iff_eq_mul_right,1,SAT,8,54,0,true,true,false
Nat.div_eq_iff_eq_mul_right,2,SAT,8,54,1,false,true,false
Nat.div_eq_iff_eq_mul_right,3,SAT,8,54,0,true,true,false
Nat.div_eq_iff_eq_mul_right,4,SAT,8,54,0,true,true,false
Nat.div_eq_iff_eq_mul_right,5,SAT,8,54,1,true,true,false
Nat.div_eq_iff_eq_mul_right,6,SAT,8,105,0,true,true,false
Nat.div_eq_iff_eq_mul_right,7,SAT,9,155,0,true,true,false
Nat.div_eq_iff_eq_mul_right,8,SAT,8,255,0,true,true,false
Nat.pow_dvd_pow,0,UNKNOWN,1,8165,0,false,false,false
Nat.pow_dvd_pow,1,UNKNOWN,7,11068,0,false,false,false
Nat.pow_dvd_pow,2,UNKNOWN,8,11066,0,false,false,false
Nat.pow_dvd_pow,3,UNKNOWN,7,11069,0,false,false,false
Nat.pow_dvd_pow,4,UNKNOWN,7,11067,0,false,false,false
Nat.pow_dvd_pow,5,UNKNOWN,7,11067,0,false,false,false
Nat.pow_dvd_pow,6,UNKNOWN,7,11068,0,false,false,false
Nat.le_of_sub_le_sub_left,0,SAT,7,54,0,true,true,true
Nat.le_of_sub_le_sub_left,1,SAT,7,54,0,true,true,true
Nat.le_of_sub_le_sub_left,2,UNSAT,7,54,0,true,true,false
Nat.le_of_sub_le_sub_left,3,UNKNOWN,6,11069,0,false,false,false
Nat.le_of_sub_le_sub_left,4,UNSAT,7,54,0,true,true,false
Nat.le_of_sub_le_sub_left,5,SAT,7,54,0,true,true,true
Nat.zero_eq_mul,0,SAT,1,54,0,true,true,false
Nat.zero_eq_mul,1,SAT,1,53,1,true,true,false
Nat.zero_eq_mul,2,SAT,1,54,0,true,true,false
Nat.zero_eq_mul,3,SAT,1,54,0,true,true,false
Nat.lt_pow_self,0,SAT,7,54,0,true,true,false
Nat.lt_pow_self,1,SAT,8,55,0,true,true,false
Nat.lt_pow_self,2,SAT,8,54,0,true,true,false
Nat.lt_pow_self,3,SAT,7,104,0,true,true,false
Nat.pos_of_lt_mul_left,0,SAT,6,55,0,true,true,false
Nat.pos_of_lt_mul_left,1,SAT,8,54,0,true,true,false
Nat.pos_of_lt_mul_left,2,UNKNOWN,7,11068,0,false,false,false
Nat.pos_of_lt_mul_left,3,SAT,8,54,0,true,true,false
Nat.add_mod_eq_ite,0,SAT,8,205,1,true,true,false
Nat.add_mod_eq_ite,1,SAT,9,54,0,false,true,false
Nat.add_mod_eq_ite,2,SAT,8,54,0,true,true,false
Nat.add_mod_eq_ite,3,SAT,9,54,0,true,true,false
Nat.add_mod_eq_ite,4,SAT,8,54,0,true,true,false
Nat.add_mod_eq_ite,5,SAT,7,55,0,true,true,false
Nat.pow_eq,0,SAT,1,54,0,true,true,false
Nat.pow_eq,1,SAT,1,555,0,true,true,false
Nat.mul_self_le_mul_self_iff,0,SAT,7,54,0,true,true,false
Nat.mul_self_le_mul_self_iff,1,UNKNOWN,6,11070,0,false,false,false
Nat.mul_self_le_mul_self_iff,2,SAT,7,54,0,true,true,false
Nat.sub_le_iff_le_add,0,SAT,7,54,0,true,true,false
Nat.sub_le_iff_le_add,1,SAT,7,54,0,true,true,false
Nat.sub_le_iff_le_add,2,SAT,7,54,0,true,true,false
Nat.sub_le_iff_le_add,3,SAT,7,54,0,true,true,false
Nat.sub_le_iff_le_add,4,SAT,7,54,0,true,true,false
Nat.sub_le_iff_le_add,5,SAT,7,54,0,true,true,false
Nat.sub_le_iff_le_add,6,SAT,7,54,0,true,true,false
Nat.eq_zero_of_two_mul_le,0,SAT,0,455,0,true,true,true
Nat.lt_of_pow_dvd_right,0,SAT,8,54,0,true,true,false
Nat.lt_of_pow_dvd_right,1,SAT,7,105,0,true,true,false
Nat.lt_of_pow_dvd_right,2,SAT,7,54,0,true,true,false
Nat.lt_of_pow_dvd_right,3,SAT,8,53,0,true,true,false
Nat.lt_of_pow_dvd_right,4,SAT,8,454,0,true,true,false
Nat.lt_of_pow_dvd_right,5,SAT,8,54,0,false,true,false
Nat.lt_of_pow_dvd_right,6,SAT,8,455,0,true,true,false
Nat.lt_of_pow_dvd_right,7,SAT,8,104,1,true,true,false
Nat.pow_self_mul_pow_self_le,0,UNKNOWN,8,11164,0,false,false,false
Nat.pow_self_mul_pow_self_le,1,UNKNOWN,7,11168,0,false,false,false
Nat.one_mod_two_pow,0,SAT,8,54,0,true,true,false
Nat.add_eq_one_iff,0,SAT,1,54,0,true,true,false
Nat.add_eq_one_iff,1,SAT,1,54,0,true,true,false
Nat.add_eq_one_iff,2,SAT,1,54,0,true,true,false
Nat.add_eq_one_iff,3,SAT,1,54,0,true,true,false
Nat.succ_sub_sub_succ,0,SAT,1,54,0,true,true,true
Nat.succ_sub_sub_succ,1,SAT,1,54,0,true,true,true
Nat.succ_sub_sub_succ,2,SAT,1,54,0,true,true,true
Nat.succ_sub_sub_succ,3,SAT,1,55,0,true,true,true
Nat.succ_sub_sub_succ,4,SAT,2,54,0,true,true,true
Nat.succ_sub_sub_succ,5,SAT,1,54,0,true,true,true
Nat.add_lt_of_lt_sub',0,SAT,7,505,0,true,true,false
Nat.add_lt_of_lt_sub',1,SAT,7,54,0,true,true,false
Nat.add_lt_of_lt_sub',2,SAT,7,53,0,true,true,false
Nat.add_lt_of_lt_sub',3,SAT,7,54,0,true,true,false
Nat.add_lt_of_lt_sub',4,SAT,7,54,0,true,true,false
Nat.add_lt_of_lt_sub',5,SAT,8,54,0,true,true,false
Nat.add_lt_of_lt_sub',6,SAT,7,54,0,true,true,false
Nat.add_lt_of_lt_sub',7,SAT,7,54,0,true,true,false
Nat.le_sub_of_add_le',0,SAT,7,54,0,true,true,true
Nat.le_sub_of_add_le',1,SAT,7,54,0,true,true,false
Nat.le_sub_of_add_le',2,SAT,7,504,0,true,true,false
Nat.le_sub_of_add_le',3,SAT,7,54,0,true,true,false
Nat.le_sub_of_add_le',4,SAT,6,55,0,true,true,false
Nat.le_sub_of_add_le',5,SAT,7,54,0,true,true,false
Nat.le_sub_of_add_le',6,SAT,7,504,1,true,true,false
Nat.div_div_div_eq_div,0,SAT,8,54,0,true,true,false
Nat.div_div_div_eq_div,1,UNKNOWN,8,11070,0,false,false,false
Nat.div_div_div_eq_div,2,SAT,8,54,0,false,true,false
Nat.div_div_div_eq_div,3,SAT,8,54,0,true,true,false
Nat.div_div_div_eq_div,4,SAT,9,555,0,false,true,false
Nat.div_div_div_eq_div,5,SAT,7,206,0,true,true,false
Nat.div_div_div_eq_div,6,SAT,8,504,0,false,true,false
Nat.div_div_div_eq_div,7,SAT,8,6211,1,false,true,false
Nat.exists_ne_zero,0,SAT,1,54,0,true,false,false
Nat.eq_mul_of_div_eq_right,0,SAT,9,54,0,true,true,false
Nat.eq_mul_of_div_eq_right,1,SAT,1,54,0,true,true,false
Nat.eq_mul_of_div_eq_right,2,SAT,8,54,0,false,true,false
Nat.eq_mul_of_div_eq_right,3,SAT,8,55,0,false,true,false
Nat.eq_mul_of_div_eq_right,4,SAT,8,54,0,false,true,false
Nat.eq_mul_of_div_eq_right,5,SAT,8,505,0,true,true,false
Nat.eq_mul_of_div_eq_right,6,SAT,8,54,0,true,true,false
Nat.eq_mul_of_div_eq_right,7,SAT,8,505,0,true,true,false
Nat.eq_zero_of_add_eq_zero_right,0,SAT,1,54,0,true,true,true
Nat.eq_zero_of_add_eq_zero_right,1,UNSAT,1,55,0,true,true,false
Nat.le_mul_of_pos_right,0,SAT,6,54,0,true,true,false
Nat.le_mul_of_pos_right,1,UNKNOWN,7,11069,0,false,false,false
Nat.le_mul_of_pos_right,2,SAT,7,55,0,true,true,false
Nat.min_self_assoc,0,UNKNOWN,8,9616,0,false,false,false
Nat.min_self_assoc,1,UNKNOWN,9,9567,0,false,false,false
Nat.add_one_mul_add_one,0,SAT,1,455,0,true,true,false
Nat.add_one_mul_add_one,1,SAT,2,54,0,true,true,false
Nat.eq_one_of_mul_eq_one_left,0,SAT,1,54,0,true,true,true
Nat.eq_one_of_mul_eq_one_left,1,UNKNOWN,2,10268,0,false,false,false
Nat.log2_lt,0,ERR_ENCODING,5,0,0,false,false,false
Nat.log2_lt,1,ERR_ENCODING,5,0,0,false,false,false
Nat.log2_lt,2,ERR_ENCODING,5,0,0,false,false,false
Nat.log2_lt,3,ERR_ENCODING,5,0,0,false,false,false
Nat.log2_lt,4,ERR_ENCODING,4,0,0,false,false,false
Nat.mul_div_le_mul_div_assoc,0,SAT,7,305,0,true,true,false
Nat.mul_div_le_mul_div_assoc,1,SAT,8,55,0,true,true,false
Nat.mul_div_le_mul_div_assoc,2,SAT,8,355,1,true,true,false
Nat.mul_div_le_mul_div_assoc,3,SAT,8,55,0,true,true,false
Nat.mul_div_le_mul_div_assoc,4,SAT,8,54,0,true,true,false
Nat.mul_div_le_mul_div_assoc,5,SAT,7,55,0,true,true,false
Nat.mod_succ_eq_iff_lt,0,SAT,8,54,0,true,true,false
Nat.mod_succ_eq_iff_lt,1,SAT,8,54,0,true,true,false
Nat.mod_succ_eq_iff_lt,2,SAT,8,54,0,true,true,false
Nat.mod_succ_eq_iff_lt,3,SAT,7,54,1,true,true,false
Nat.pow_lt_pow_iff_right,0,SAT,7,54,0,true,true,false
Nat.pow_lt_pow_iff_right,1,SAT,7,54,0,true,true,false
Nat.pow_lt_pow_iff_right,2,SAT,7,54,1,true,true,false
Nat.pow_lt_pow_iff_right,3,SAT,8,1957,1,true,true,false
Nat.pow_lt_pow_iff_right,4,SAT,8,54,0,true,true,false
Nat.pow_lt_pow_iff_right,5,SAT,8,54,0,false,true,false
Nat.pow_lt_pow_iff_right,6,SAT,8,54,0,false,true,false
Nat.pow_lt_pow_iff_right,7,SAT,7,54,1,true,true,false
Nat.pow_lt_pow_iff_right,8,SAT,8,54,0,true,true,false
Nat.min_eq_zero_iff,0,UNKNOWN,8,11069,0,false,false,false
Nat.min_eq_zero_iff,1,UNKNOWN,8,11067,0,false,false,false
Nat.min_eq_zero_iff,2,UNKNOWN,8,11068,0,false,false,false
Nat.min_eq_zero_iff,3,UNKNOWN,8,11069,0,false,false,false
Nat.sub_min_sub_left,0,UNKNOWN,10,10268,0,false,false,false
Nat.sub_min_sub_left,1,UNKNOWN,10,10368,0,false,false,false
Nat.sub_min_sub_left,2,UNKNOWN,10,10218,0,false,false,false
Nat.sub_min_sub_left,3,UNKNOWN,10,10368,0,false,false,false
Nat.sub_min_sub_left,4,UNKNOWN,9,10367,0,false,false,false
Nat.sub_min_sub_left,5,UNKNOWN,10,10366,0,false,false,false
Nat.one_lt_two_pow',0,SAT,8,54,1,true,true,false
Nat.max_assoc,0,UNKNOWN,9,9917,0,false,false,false
Nat.max_assoc,1,UNKNOWN,9,9765,1,false,false,false
Nat.max_assoc,2,UNKNOWN,9,9667,0,false,false,false
Nat.max_assoc,3,UNKNOWN,8,9668,0,false,false,false
Nat.max_assoc,4,UNKNOWN,8,9666,0,false,false,false
Nat.max_assoc,5,UNKNOWN,8,9767,0,false,false,false
Nat.max_eq_zero_iff,0,UNKNOWN,8,11066,1,false,false,false
Nat.max_eq_zero_iff,1,UNKNOWN,9,11068,0,false,false,false
Nat.max_eq_zero_iff,2,UNKNOWN,9,11069,0,false,false,false
Nat.one_lt_mul_iff,0,SAT,7,455,0,true,true,false
Nat.one_lt_mul_iff,1,SAT,8,105,0,true,true,false
Nat.one_lt_mul_iff,2,SAT,7,54,0,true,true,false
Nat.one_lt_mul_iff,3,SAT,7,54,0,true,true,false
Nat.one_lt_mul_iff,4,SAT,6,54,1,true,true,false
Nat.add_eq_three_iff,0,SAT,1,54,0,true,true,false
Nat.add_eq_three_iff,1,SAT,1,54,0,true,true,false
Nat.add_eq_three_iff,2,SAT,1,54,1,true,true,false
Nat.add_eq_three_iff,3,SAT,1,54,0,true,true,false
Nat.self_eq_add_left,0,SAT,1,54,0,true,true,false
Nat.self_eq_add_left,1,SAT,1,54,0,true,true,false
Nat.self_eq_add_left,2,SAT,1,54,0,true,true,false
Nat.succ_le_iff,0,SAT,7,54,0,true,true,false
Nat.succ_le_iff,1,SAT,7,54,0,true,true,false
Nat.succ_le_iff,2,SAT,7,54,0,true,true,false
Nat.succ_le_iff,3,SAT,6,54,0,true,true,false
Nat.mul_self_inj,0,SAT,1,54,0,true,true,false
Nat.mul_self_inj,1,SAT,1,505,0,true,true,false
Nat.mul_self_inj,2,SAT,1,54,0,true,true,false
Nat.lt_mul_div_succ,0,SAT,8,505,0,true,true,false
Nat.lt_mul_div_succ,1,SAT,9,54,0,true,true,false
Nat.lt_mul_div_succ,2,SAT,8,505,0,true,true,false
Nat.lt_mul_div_succ,3,SAT,9,54,0,true,true,false
Nat.one_lt_two_pow_iff,0,SAT,7,55,0,true,true,false
Nat.one_lt_two_pow_iff,1,SAT,8,55,0,true,true,false
Nat.mul_lt_mul_pow_succ,0,SAT,7,54,0,true,true,false
Nat.mul_lt_mul_pow_succ,1,SAT,7,54,1,true,true,false
Nat.mul_lt_mul_pow_succ,2,UNKNOWN,7,11118,0,false,false,false
Nat.mul_lt_mul_pow_succ,3,UNKNOWN,7,11120,0,false,false,false
Nat.mul_lt_mul_pow_succ,4,SAT,7,55,0,true,true,false
Nat.mul_lt_mul_pow_succ,5,SAT,8,54,0,true,true,false
Nat.mul_lt_mul_pow_succ,6,SAT,8,1557,0,true,true,false
Nat.mul_lt_mul_pow_succ,7,SAT,7,54,0,true,true,false
Nat.mul_lt_mul_pow_succ,8,UNKNOWN,7,11119,0,false,false,false
Nat.mul_eq_left,0,SAT,2,54,0,true,true,false
Nat.mul_eq_left,1,SAT,1,54,0,true,true,false
Nat.mul_eq_left,2,SAT,1,55,0,true,true,false
Nat.mul_eq_left,3,SAT,1,54,0,true,true,false
Nat.eq_div_iff_mul_eq_left,0,SAT,8,54,0,true,true,false
Nat.eq_div_iff_mul_eq_left,1,SAT,8,505,0,true,true,false
Nat.eq_div_iff_mul_eq_left,2,SAT,7,55,0,true,true,false
Nat.eq_div_iff_mul_eq_left,3,SAT,8,155,0,true,true,false
Nat.eq_div_iff_mul_eq_left,4,SAT,8,54,0,true,true,false
Nat.eq_div_iff_mul_eq_left,5,SAT,8,505,0,true,true,false
Nat.eq_div_iff_mul_eq_left,6,SAT,8,54,0,false,true,false
Nat.eq_div_iff_mul_eq_left,7,SAT,8,54,0,true,true,false
Nat.eq_div_iff_mul_eq_left,8,SAT,8,54,0,true,true,false
Nat.two_pow_pred_add_two_pow_pred,0,SAT,3,54,0,true,true,false
Nat.lt_iff_add_one_le,0,SAT,6,54,1,true,true,false
Nat.lt_iff_add_one_le,1,SAT,7,54,0,true,true,false
Nat.lt_iff_add_one_le,2,SAT,6,455,0,true,true,false
Nat.lt_iff_add_one_le,3,SAT,8,53,1,true,true,false
Nat.one_le_iff_ne_zero,0,SAT,7,54,0,true,true,true
Nat.mod_add_div',0,SAT,9,505,0,true,true,false
Nat.mod_add_div',1,SAT,9,54,0,true,true,false
Nat.lt_add_right_iff_pos,0,SAT,7,54,0,true,true,false
Nat.lt_add_right_iff_pos,1,SAT,6,54,0,true,true,false
Nat.lt_add_right_iff_pos,2,SAT,7,54,1,true,true,false
Nat.lt_add_right_iff_pos,3,SAT,8,54,0,true,true,false
Nat.pow_add,0,SAT,2,54,0,true,true,false
Nat.pow_add,1,SAT,2,54,0,true,true,false
Nat.pow_add,2,SAT,1,555,0,true,true,false
Nat.pow_add,3,SAT,2,54,0,true,true,false
Nat.pow_add,4,SAT,2,55,0,true,true,false
Nat.pow_add,5,SAT,2,54,0,true,true,false
Nat.min_add_left_self,0,UNKNOWN,9,11067,0,false,false,false
Nat.min_add_left_self,1,UNKNOWN,9,11067,0,false,false,false
Nat.pow_mod,0,SAT,8,55,0,true,true,false
Nat.pow_mod,1,SAT,9,305,0,true,true,false
Nat.pow_mod,2,SAT,8,256,0,true,true,false
Nat.pow_mod,3,SAT,8,55,0,true,true,false
Nat.pow_mod,4,SAT,8,55,0,true,true,false
Nat.pow_mod,5,SAT,8,55,0,true,true,false
Nat.shiftLeft_add,0,SAT,2,305,0,true,true,false
Nat.shiftLeft_add,1,SAT,1,55,0,true,true,false
Nat.shiftLeft_add,2,SAT,1,54,0,true,true,false
Nat.shiftLeft_add,3,SAT,1,54,0,true,true,false
Nat.shiftLeft_add,4,SAT,1,54,0,true,true,false
Nat.shiftLeft_add,5,SAT,2,54,0,true,true,false
Nat.not_dvd_of_lt_of_lt_mul_succ,0,SAT,7,55,0,true,true,false
Nat.not_dvd_of_lt_of_lt_mul_succ,1,SAT,7,55,0,true,true,false
Nat.not_dvd_of_lt_of_lt_mul_succ,2,SAT,7,455,0,false,true,false
Nat.not_dvd_of_lt_of_lt_mul_succ,3,SAT,7,54,0,true,true,false
Nat.not_dvd_of_lt_of_lt_mul_succ,4,SAT,7,54,0,true,true,false
Nat.not_dvd_of_lt_of_lt_mul_succ,5,SAT,8,105,0,true,true,false
Nat.mod_two_not_eq_zero,0,SAT,7,55,0,true,true,false
Nat.pow_dvd_pow_iff_pow_le_pow,0,SAT,7,155,0,true,false,false
Nat.pow_dvd_pow_iff_pow_le_pow,1,UNKNOWN,7,11068,0,false,false,false
Nat.pow_dvd_pow_iff_pow_le_pow,2,UNKNOWN,7,11066,0,false,false,false
Nat.pow_dvd_pow_iff_pow_le_pow,3,UNKNOWN,7,11068,0,false,false,false
Nat.pow_dvd_pow_iff_pow_le_pow,4,UNKNOWN,8,11069,0,false,false,false
Nat.pow_dvd_pow_iff_pow_le_pow,5,UNKNOWN,7,11067,0,false,false,false
Nat.pow_dvd_pow_iff_pow_le_pow,6,UNKNOWN,7,11069,1,false,false,false
Nat.pow_dvd_pow_iff_pow_le_pow,7,UNKNOWN,8,11067,0,false,false,false
Nat.one_le_div_iff,0,SAT,7,54,0,true,true,false
Nat.one_le_div_iff,1,SAT,8,54,0,true,true,false
Nat.one_le_div_iff,2,SAT,8,155,0,true,true,false
Nat.one_le_div_iff,3,SAT,8,54,0,true,true,false
Nat.sub_max_sub_right,0,UNKNOWN,9,11070,0,false,false,false
Nat.sub_max_sub_right,1,UNKNOWN,9,11068,0,false,false,false
Nat.sub_max_sub_right,2,UNKNOWN,8,11070,1,false,false,false
Nat.sub_max_sub_right,3,UNKNOWN,9,11069,0,false,false,false
Nat.sub_max_sub_right,4,UNKNOWN,8,11070,0,false,false,false
Nat.sub_max_sub_right,5,UNKNOWN,9,11069,0,false,false,false
Nat.add_lt_add_iff_right,0,SAT,7,54,0,true,true,false
Nat.add_lt_add_iff_right,1,SAT,7,54,0,true,true,false
Nat.add_lt_add_iff_right,2,SAT,7,54,0,true,true,false
Nat.add_lt_add_iff_right,3,SAT,7,54,0,true,true,false
Nat.add_lt_add_iff_right,4,SAT,8,54,0,true,true,false
Nat.add_lt_add_iff_right,5,SAT,7,505,0,true,true,false
Nat.add_lt_add_iff_right,6,SAT,7,54,0,true,true,false
Nat.add_lt_add_iff_right,7,SAT,7,54,0,true,true,false
Nat.pow_div,0,SAT,8,54,0,false,true,false
Nat.pow_div,1,SAT,9,54,0,true,true,false
Nat.pow_div,2,SAT,8,55,0,false,true,false
Nat.pow_div,3,SAT,8,55,0,true,true,false
Nat.pow_div,4,SAT,9,54,0,false,true,false
Nat.pow_div,5,SAT,8,55,0,false,true,false
Nat.pow_div,6,SAT,8,505,0,false,true,false
Nat.pow_div,7,SAT,8,54,0,false,true,false
Nat.sub_lt_of_pos_le,0,SAT,7,54,0,true,true,false
Nat.sub_lt_of_pos_le,1,SAT,7,54,0,true,true,false
Nat.sub_lt_of_pos_le,2,SAT,8,54,0,true,true,false
Nat.sub_lt_of_pos_le,3,UNKNOWN,6,11118,0,false,false,false
Nat.sub_lt_of_pos_le,4,UNKNOWN,7,11069,0,false,false,false
Nat.one_lt_pow,0,SAT,7,55,0,true,true,false
Nat.one_lt_pow,1,SAT,7,54,0,true,true,false
Nat.one_lt_pow,2,SAT,8,54,0,true,true,false
Nat.one_lt_pow,3,SAT,7,755,0,true,true,false
Nat.one_lt_pow,4,UNKNOWN,7,11071,0,false,false,false
Nat.add_lt_add_of_lt_of_le,0,SAT,7,54,0,true,true,false
Nat.add_lt_add_of_lt_of_le,1,SAT,6,55,0,true,true,false
Nat.add_lt_add_of_lt_of_le,2,SAT,7,54,0,true,true,false
Nat.add_lt_add_of_lt_of_le,3,SAT,6,54,0,true,true,false
Nat.add_lt_add_of_lt_of_le,4,UNKNOWN,7,11068,0,false,false,false
Nat.add_lt_add_of_lt_of_le,5,SAT,6,55,0,true,true,false
Nat.add_lt_add_of_lt_of_le,6,SAT,7,54,0,true,true,false
Nat.add_lt_add_of_lt_of_le,7,SAT,7,54,1,true,true,false
Nat.add_lt_add_of_lt_of_le,8,SAT,8,54,0,true,true,false
Nat.add_lt_add_of_lt_of_le,9,UNKNOWN,7,11069,0,false,false,false
Nat.add_lt_add_of_lt_of_le,10,SAT,7,54,0,true,true,false
Nat.add_lt_add_of_lt_of_le,11,SAT,7,54,0,true,true,false
Nat.add_lt_add_of_lt_of_le,12,SAT,7,55,0,true,true,false
Nat.add_lt_add_of_lt_of_le,13,SAT,7,505,0,true,true,false
Nat.add_lt_add_of_lt_of_le,14,SAT,7,54,0,true,true,false
Nat.sub_eq_max_sub,0,UNKNOWN,9,9816,0,false,false,false
Nat.sub_eq_max_sub,1,UNKNOWN,9,11067,0,false,false,false
Nat.add_mod_mod,0,SAT,8,55,0,true,true,false
Nat.add_mod_mod,1,SAT,7,55,0,true,true,false
Nat.add_mod_mod,2,SAT,7,54,1,true,true,false
Nat.add_mod_mod,3,SAT,8,55,0,true,true,false
Nat.add_mod_mod,4,SAT,8,505,0,true,true,false
Nat.add_mod_mod,5,SAT,8,55,0,true,true,false
Nat.succ_mod_succ_eq_zero_iff,0,SAT,8,505,0,true,true,false
Nat.succ_mod_succ_eq_zero_iff,1,SAT,8,54,0,true,true,false
Nat.succ_mod_succ_eq_zero_iff,2,SAT,8,55,0,true,true,false
Nat.self_eq_add_right,0,SAT,1,55,0,true,true,false
Nat.self_eq_add_right,1,SAT,1,54,0,true,true,false
Nat.self_eq_add_right,2,SAT,1,504,0,true,true,false
Nat.mul_right_inj,0,SAT,1,55,0,true,true,false
Nat.mul_right_inj,1,SAT,1,54,0,true,true,false
Nat.mul_right_inj,2,SAT,1,55,0,true,true,false
Nat.mul_right_inj,3,SAT,2,54,0,true,true,false
Nat.mul_right_inj,4,SAT,1,255,0,true,true,false
Nat.mul_right_inj,5,SAT,1,54,0,true,true,false
Nat.mul_right_inj,6,SAT,1,54,0,true,true,false
Nat.mul_right_inj,7,SAT,1,54,0,true,true,false
Nat.le_sub_iff_add_le,0,SAT,7,54,0,true,true,false
Nat.le_sub_iff_add_le,1,SAT,7,54,1,true,true,false
Nat.le_sub_iff_add_le,2,SAT,7,54,0,true,true,false
Nat.le_sub_iff_add_le,3,SAT,7,54,0,true,true,false
Nat.le_sub_iff_add_le,4,SAT,7,55,0,true,true,false
Nat.le_sub_iff_add_le,5,SAT,7,505,0,true,true,false
Nat.le_sub_iff_add_le,6,SAT,7,54,0,true,true,false
Nat.le_sub_iff_add_le,7,SAT,7,54,1,true,true,false
Nat.div_mul_div_comm,0,SAT,8,55,0,false,true,false
Nat.div_mul_div_comm,1,SAT,8,6213,0,false,true,false
Nat.div_mul_div_comm,2,SAT,9,54,0,false,true,false
Nat.div_mul_div_comm,3,SAT,8,55,0,true,true,false
Nat.div_mul_div_comm,4,SAT,8,55,0,false,true,false
Nat.div_mul_div_comm,5,SAT,8,3510,0,true,true,false
Nat.div_mul_div_comm,6,SAT,8,54,0,true,true,false
Nat.div_mul_div_comm,7,SAT,8,54,0,false,true,false
Nat.div_mul_div_comm,8,SAT,8,505,0,true,true,false
Nat.div_mul_div_comm,9,SAT,9,505,0,false,true,false
Nat.div_mul_div_comm,10,SAT,8,504,0,true,true,false
Nat.div_mul_div_comm,11,SAT,8,3660,0,true,true,false
Nat.div_mul_div_comm,12,SAT,8,55,0,false,true,false
Nat.div_mul_div_comm,13,SAT,8,54,1,false,true,false
Nat.log2_zero,0,ERR_ENCODING,0,0,0,false,false,false
Nat.pow_eq_self_iff,0,SAT,1,54,0,true,true,false
Nat.pow_eq_self_iff,1,SAT,7,55,0,true,true,false
Nat.pow_eq_self_iff,2,SAT,7,55,0,true,true,false
Nat.pow_eq_self_iff,3,SAT,7,54,0,true,true,false
Nat.sub_eq_sub_min,0,UNKNOWN,9,11069,0,false,false,false
Nat.sub_eq_sub_min,1,UNKNOWN,9,11067,0,false,false,false
Nat.dvd_of_pow_dvd,0,UNKNOWN,2,11068,0,false,false,false
Nat.dvd_of_pow_dvd,1,UNKNOWN,7,11069,0,false,false,false
Nat.dvd_of_pow_dvd,2,UNKNOWN,8,11068,0,false,false,false
Nat.dvd_of_pow_dvd,3,UNKNOWN,7,11066,0,false,false,false
Nat.dvd_of_pow_dvd,4,UNKNOWN,7,11067,0,false,false,false
Nat.dvd_of_pow_dvd,5,UNKNOWN,7,11066,0,false,false,false
Nat.add_lt_add_iff_left,0,SAT,6,55,0,true,true,false
Nat.add_lt_add_iff_left,1,SAT,7,505,0,true,true,false
Nat.add_lt_add_iff_left,2,SAT,7,105,0,true,true,false
Nat.add_lt_add_iff_left,3,SAT,8,54,0,true,true,false
Nat.add_lt_add_iff_left,4,SAT,7,54,0,true,true,false
Nat.add_lt_add_iff_left,5,SAT,7,54,0,true,true,false
Nat.add_lt_add_iff_left,6,SAT,6,55,0,true,true,false
Nat.add_lt_add_iff_left,7,SAT,6,55,0,true,true,false
Nat.le_iff_lt_add_one,0,SAT,8,54,0,true,true,false
Nat.le_iff_lt_add_one,1,SAT,7,55,0,true,true,false
Nat.le_iff_lt_add_one,2,SAT,6,55,0,true,true,false
Nat.le_iff_lt_add_one,3,SAT,7,54,1,true,true,false
Nat.mul_lt_mul_of_lt_of_lt,0,SAT,7,54,0,true,true,false
Nat.mul_lt_mul_of_lt_of_lt,1,SAT,7,55,0,true,true,false
Nat.mul_lt_mul_of_lt_of_lt,2,SAT,7,6211,0,false,true,false
Nat.mul_lt_mul_of_lt_of_lt,3,SAT,8,206,0,true,true,false
Nat.mul_lt_mul_of_lt_of_lt,4,SAT,7,54,1,true,true,false
Nat.mul_lt_mul_of_lt_of_lt,5,SAT,6,55,0,false,true,false
Nat.mul_lt_mul_of_lt_of_lt,6,SAT,7,54,1,true,true,false
Nat.mul_lt_mul_of_lt_of_lt,7,SAT,7,54,0,true,true,false
Nat.mul_lt_mul_of_lt_of_lt,8,SAT,7,54,1,true,true,false
Nat.mul_lt_mul_of_lt_of_lt,9,SAT,7,54,0,true,true,false
Nat.mul_lt_mul_of_lt_of_lt,10,UNKNOWN,7,11067,1,false,false,false
Nat.mul_lt_mul_of_lt_of_lt,11,SAT,6,55,0,true,true,false
Nat.mul_lt_mul_of_lt_of_lt,12,SAT,6,55,0,true,true,false
Nat.mul_lt_mul_of_lt_of_lt,13,UNKNOWN,7,11069,0,false,false,false
Nat.mul_lt_mul_of_lt_of_lt,14,SAT,7,54,1,true,true,false
Nat.lt_of_add_lt_add_right,0,SAT,6,55,0,true,true,false
Nat.lt_of_add_lt_add_right,1,SAT,7,54,0,true,true,false
Nat.lt_of_add_lt_add_right,2,SAT,6,54,0,true,true,false
Nat.lt_of_add_lt_add_right,3,SAT,8,104,1,true,true,false
Nat.lt_of_add_lt_add_right,4,SAT,7,55,0,true,true,false
Nat.lt_of_add_lt_add_right,5,SAT,7,54,1,true,true,false
Nat.div_dvd_div,0,UNKNOWN,8,11065,1,false,false,false
Nat.div_dvd_div,1,UNKNOWN,8,11069,0,false,false,false
Nat.div_dvd_div,2,UNKNOWN,8,11069,0,false,false,false
Nat.div_dvd_div,3,UNKNOWN,8,11068,0,false,false,false
Nat.div_dvd_div,4,UNKNOWN,9,11068,0,false,false,false
Nat.div_dvd_div,5,UNKNOWN,9,11068,0,false,false,false
Nat.div_dvd_div,6,UNKNOWN,8,11069,0,false,false,false
Nat.div_dvd_div,7,UNKNOWN,8,11068,0,false,false,false
Nat.mul_dvd_mul_iff_left,0,UNKNOWN,1,11069,0,false,false,false
Nat.mul_dvd_mul_iff_left,1,UNKNOWN,7,11069,1,false,false,false
Nat.mul_dvd_mul_iff_left,2,UNKNOWN,7,11066,1,false,false,false
Nat.mul_dvd_mul_iff_left,3,UNKNOWN,7,11068,0,false,false,false
Nat.mul_dvd_mul_iff_left,4,UNKNOWN,7,11069,0,false,false,false
Nat.mul_dvd_mul_iff_left,5,UNKNOWN,8,11068,0,false,false,false
Nat.mul_dvd_mul_iff_left,6,UNKNOWN,7,11068,0,false,false,false
Nat.mul_dvd_mul_iff_left,7,UNKNOWN,7,11067,0,false,false,false
Nat.div_two_le_of_sub_le_div_two,0,SAT,8,1257,0,true,true,false
Nat.div_two_le_of_sub_le_div_two,1,UNKNOWN,7,11068,0,false,false,false
Nat.div_two_le_of_sub_le_div_two,2,UNKNOWN,8,11070,0,false,false,false
Nat.pred_eq_of_eq_succ,0,SAT,1,54,0,true,true,true
Nat.pred_eq_of_eq_succ,1,SAT,1,54,0,true,true,true
Nat.pred_eq_of_eq_succ,2,SAT,1,54,0,true,true,true
Nat.pos_of_mul_pos_right,0,SAT,7,54,0,true,true,false
Nat.pos_of_mul_pos_right,1,UNKNOWN,7,10169,0,false,false,false
Nat.pos_of_mul_pos_right,2,SAT,8,106,0,true,true,false
Nat.exists_lt_succ_right',0,SAT,7,6313,0,true,false,false
Nat.exists_lt_succ_right',1,SAT,7,55,0,true,false,false
Nat.div_mul_div_le,0,SAT,8,555,0,true,true,false
Nat.div_mul_div_le,1,SAT,8,54,0,true,true,false
Nat.div_mul_div_le,2,SAT,8,55,0,true,true,false
Nat.div_mul_div_le,3,SAT,8,55,0,true,true,false
Nat.div_mul_div_le,4,SAT,8,305,1,true,true,false
Nat.div_mul_div_le,5,SAT,7,55,0,true,true,false
Nat.div_mul_div_le,6,SAT,9,54,0,true,true,false
Nat.div_mul_div_le,7,SAT,8,54,0,true,true,false
Nat.div_mul_div_le,8,SAT,8,54,0,true,true,false
Nat.div_mul_div_le,9,SAT,8,55,0,true,true,false
Nat.div_mul_div_le,10,SAT,8,55,0,true,true,false
Nat.div_mul_div_le,11,SAT,8,54,0,true,true,false
Nat.lt_sub_iff_add_lt,0,SAT,7,55,0,true,true,false
Nat.lt_sub_iff_add_lt,1,SAT,8,105,0,true,true,false
Nat.lt_sub_iff_add_lt,2,SAT,7,54,0,true,true,false
Nat.lt_sub_iff_add_lt,3,SAT,7,55,0,true,true,false
Nat.lt_sub_iff_add_lt,4,SAT,7,54,0,true,true,false
Nat.lt_sub_iff_add_lt,5,SAT,6,55,0,true,true,false
Nat.lt_sub_iff_add_lt,6,SAT,7,55,0,true,true,false
Nat.lt_sub_iff_add_lt,7,SAT,6,55,0,true,true,false
Nat.add_right_eq_self,0,SAT,1,54,0,true,true,false
Nat.add_right_eq_self,1,SAT,1,55,0,true,true,false
Nat.add_right_eq_self,2,SAT,1,54,0,true,true,false
Nat.succ_mul_pos,0,SAT,7,54,0,true,true,false
Nat.succ_mul_pos,1,SAT,8,54,0,true,true,false
Nat.succ_mul_pos,2,SAT,7,55,0,true,true,false
Nat.succ_mul_pos,3,UNKNOWN,7,11069,0,false,false,false
Nat.zero_pow,0,SAT,1,55,0,true,true,false
Nat.mod_two_not_eq_one,0,SAT,7,106,0,true,true,false
Nat.div_le_div_right,0,SAT,7,55,0,true,true,false
Nat.div_le_div_right,1,UNSAT,8,54,0,true,true,false
Nat.div_le_div_right,2,SAT,7,505,1,true,true,false
Nat.div_le_div_right,3,UNSAT,8,55,0,true,true,false
Nat.div_le_div_right,4,SAT,8,55,0,true,true,false
Nat.div_le_div_right,5,SAT,8,505,0,true,true,false
Nat.div_le_div_right,6,SAT,8,55,0,true,true,false
Nat.mod_eq_sub,0,SAT,9,54,0,true,true,false
Nat.mod_eq_sub,1,SAT,8,54,1,true,true,false
Nat.add_le_of_le_sub',0,SAT,7,55,0,true,true,false
Nat.add_le_of_le_sub',1,SAT,7,54,0,true,true,false
Nat.add_le_of_le_sub',2,SAT,7,55,0,true,true,false
Nat.add_le_of_le_sub',3,SAT,6,55,0,true,true,false
Nat.add_le_of_le_sub',4,SAT,7,555,0,true,true,false
Nat.add_le_of_le_sub',5,SAT,7,54,0,true,true,false
Nat.add_le_of_le_sub',6,SAT,7,555,1,true,true,false
Nat.add_le_of_le_sub',7,SAT,7,54,0,true,true,false
Nat.sub_eq_of_eq_add',0,SAT,1,54,0,true,true,true
Nat.sub_eq_of_eq_add',1,SAT,1,55,0,true,true,false
Nat.sub_eq_of_eq_add',2,SAT,1,505,0,true,true,false
Nat.sub_eq_of_eq_add',3,SAT,1,55,0,true,true,false
Nat.sub_eq_of_eq_add',4,SAT,1,54,1,true,true,false
Nat.sub_eq_of_eq_add',5,SAT,2,54,0,true,true,false
Nat.sub_eq_of_eq_add',6,SAT,1,55,0,true,true,false
Nat.mul_sub_mul_div_of_dvd,0,UNKNOWN,8,11069,0,false,false,false
Nat.mul_sub_mul_div_of_dvd,1,SAT,8,55,0,true,true,false
Nat.mul_sub_mul_div_of_dvd,2,UNKNOWN,8,11070,0,false,false,false
Nat.mul_sub_mul_div_of_dvd,3,SAT,8,55,0,false,true,false
Nat.mul_sub_mul_div_of_dvd,4,SAT,8,55,0,false,true,false
Nat.mul_sub_mul_div_of_dvd,5,SAT,8,356,0,true,true,false
Nat.mul_sub_mul_div_of_dvd,6,SAT,9,355,0,true,true,false
Nat.mul_sub_mul_div_of_dvd,7,SAT,9,54,1,true,true,false
Nat.mul_sub_mul_div_of_dvd,8,SAT,8,1157,1,true,true,false
Nat.mul_sub_mul_div_of_dvd,9,SAT,9,54,0,true,true,false
Nat.mul_sub_mul_div_of_dvd,10,SAT,8,55,0,false,true,false
Nat.mul_sub_mul_div_of_dvd,11,SAT,8,55,0,false,true,false
Nat.mul_sub_mul_div_of_dvd,12,SAT,9,6212,1,false,true,false
Nat.mul_sub_mul_div_of_dvd,13,SAT,8,505,0,false,true,false
Nat.mul_sub_mul_div_of_dvd,14,SAT,8,1707,0,true,true,false
Nat.mul_sub_mul_div_of_dvd,15,SAT,9,505,0,true,true,false
Nat.shiftLeft_shiftRight,0,SAT,8,55,0,true,true,false
Nat.shiftLeft_shiftRight,1,SAT,8,156,0,true,true,false
Nat.pow_succ',0,SAT,2,54,0,true,true,false
Nat.pow_succ',1,SAT,1,54,0,false,true,false
Nat.add_eq_zero,0,SAT,1,54,0,true,true,false
Nat.add_eq_zero,1,SAT,1,54,0,true,true,false
Nat.add_eq_zero,2,SAT,1,54,0,true,true,false
Nat.sub_eq_zero_iff_le,0,SAT,8,54,0,true,true,true
Nat.sub_eq_zero_iff_le,1,SAT,7,54,0,true,true,true
Nat.sub_eq_zero_iff_le,2,SAT,6,55,0,true,true,true
Nat.add_eq_max_iff,0,UNKNOWN,8,11070,0,false,false,false
Nat.add_eq_max_iff,1,UNKNOWN,8,11070,1,false,false,false
Nat.add_eq_max_iff,2,UNKNOWN,9,11070,0,false,false,false
Nat.add_eq_max_iff,3,UNKNOWN,9,11068,0,false,false,false
Nat.add_add_add_comm,0,SAT,1,55,0,true,true,false
Nat.add_add_add_comm,1,SAT,1,55,0,true,true,false
Nat.add_add_add_comm,2,SAT,1,55,0,true,true,false
Nat.add_add_add_comm,3,SAT,1,54,0,true,true,false
Nat.add_add_add_comm,4,SAT,1,55,0,true,true,false
Nat.add_add_add_comm,5,SAT,1,55,0,true,true,false
Nat.add_add_add_comm,6,SAT,1,55,0,true,true,false
Nat.add_add_add_comm,7,SAT,1,55,0,true,true,false
Nat.add_add_add_comm,8,SAT,2,54,0,true,true,false
Nat.add_add_add_comm,9,SAT,1,54,0,true,true,false
Nat.add_add_add_comm,10,SAT,1,55,0,true,true,false
Nat.add_add_add_comm,11,SAT,1,55,0,true,true,false
Nat.succ_ne_succ,0,SAT,1,54,0,true,true,true
Nat.succ_ne_succ,1,SAT,1,54,0,true,true,true
Nat.succ_ne_succ,2,SAT,1,54,0,true,true,true
Nat.pred_le_iff,0,SAT,6,456,0,true,true,true
Nat.pred_le_iff,1,SAT,6,455,0,true,true,true
Nat.pred_le_iff,2,SAT,6,55,0,true,true,true
Nat.pred_le_iff,3,UNKNOWN,7,11069,0,false,false,false
Nat.succ_add_eq_add_succ,0,SAT,1,55,0,true,true,false
Nat.succ_add_eq_add_succ,1,SAT,1,54,0,true,true,false
Nat.dvd_mul_of_div_dvd,0,UNKNOWN,8,11070,0,false,false,false
Nat.dvd_mul_of_div_dvd,1,UNKNOWN,1,11069,0,false,false,false
Nat.dvd_mul_of_div_dvd,2,UNSAT,8,105,0,true,false,false
Nat.dvd_mul_of_div_dvd,3,UNKNOWN,8,11068,0,false,false,false
Nat.dvd_mul_of_div_dvd,4,UNKNOWN,8,11068,0,false,false,false
Nat.dvd_mul_of_div_dvd,5,UNKNOWN,8,11068,0,false,false,false
Nat.dvd_mul_of_div_dvd,6,UNSAT,8,55,0,true,false,false
Nat.dvd_mul_of_div_dvd,7,UNKNOWN,8,11069,0,false,false,false
Nat.two_pow_pred_mod_two_pow,0,SAT,8,55,0,true,true,false
Nat.max_add_right_self,0,UNKNOWN,9,11070,1,false,false,false
Nat.max_add_right_self,1,UNKNOWN,8,11070,0,false,false,false
Nat.not_dvd_iff_lt_mul_succ,0,UNKNOWN,7,11066,0,false,false,false
Nat.not_dvd_iff_lt_mul_succ,1,UNKNOWN,7,11072,0,false,false,false
Nat.not_dvd_iff_lt_mul_succ,2,SAT,7,55,0,true,false,false
Nat.not_dvd_iff_lt_mul_succ,3,UNKNOWN,7,11069,0,false,false,false
Nat.not_dvd_iff_lt_mul_succ,4,UNKNOWN,8,11069,0,false,false,false
Nat.sub_add_sub_cancel,0,SAT,7,55,0,true,true,false
Nat.sub_add_sub_cancel,1,SAT,7,55,0,true,true,false
Nat.sub_add_sub_cancel,2,SAT,7,54,0,true,true,false
Nat.sub_add_sub_cancel,3,SAT,7,55,0,true,true,false
Nat.sub_add_sub_cancel,4,SAT,7,54,0,true,true,false
Nat.sub_add_sub_cancel,5,SAT,8,54,1,true,true,false
Nat.sub_add_sub_cancel,6,SAT,8,55,0,true,true,false
Nat.sub_add_sub_cancel,7,SAT,6,55,0,true,true,false
Nat.sub_pos_iff_lt,0,SAT,7,54,0,true,true,false
Nat.sub_pos_iff_lt,1,SAT,8,105,0,true,true,false
Nat.sub_pos_iff_lt,2,SAT,7,55,0,true,true,false
Nat.sub_pos_iff_lt,3,SAT,7,54,0,true,true,false
Nat.div_eq_iff_eq_mul_left,0,SAT,8,505,0,true,true,false
Nat.div_eq_iff_eq_mul_left,1,SAT,8,656,0,true,true,false
Nat.div_eq_iff_eq_mul_left,2,SAT,7,506,0,true,true,false
Nat.div_eq_iff_eq_mul_left,3,SAT,9,55,0,true,true,false
Nat.div_eq_iff_eq_mul_left,4,SAT,8,505,0,true,true,false
Nat.div_eq_iff_eq_mul_left,5,SAT,8,105,0,true,true,false
Nat.div_eq_iff_eq_mul_left,6,SAT,8,55,0,true,true,false
Nat.div_eq_iff_eq_mul_left,7,SAT,9,55,0,true,true,false
Nat.div_eq_iff_eq_mul_left,8,SAT,8,55,0,true,true,false
Nat.mul_sub_div_of_dvd,0,SAT,8,55,0,true,true,false
Nat.mul_sub_div_of_dvd,1,SAT,8,4810,0,true,true,false
Nat.mul_sub_div_of_dvd,2,SAT,8,506,0,true,true,false
Nat.mul_sub_div_of_dvd,3,SAT,7,55,0,true,true,false
Nat.mul_sub_div_of_dvd,4,SAT,8,105,0,true,true,false
Nat.mul_sub_div_of_dvd,5,SAT,8,505,0,true,true,false
Nat.mul_sub_div_of_dvd,6,SAT,8,55,0,true,true,false
Nat.mul_sub_div_of_dvd,7,SAT,8,54,1,true,true,false
Nat.max_add_left_self,0,UNKNOWN,9,11069,0,false,false,false
Nat.max_add_left_self,1,UNKNOWN,9,11069,0,false,false,false
Nat.div_mul_right_comm,0,SAT,8,55,0,false,true,false
Nat.div_mul_right_comm,1,SAT,8,55,0,true,true,false
Nat.div_mul_right_comm,2,SAT,8,55,0,true,true,false
Nat.div_mul_right_comm,3,SAT,8,55,0,true,true,false
Nat.div_mul_right_comm,4,SAT,9,505,0,false,true,false
Nat.div_mul_right_comm,5,SAT,8,55,0,true,true,false
Nat.div_mul_right_comm,6,SAT,8,55,0,false,true,false
Nat.mul_self_le_mul_self,0,SAT,7,55,0,true,true,false
Nat.mul_self_le_mul_self,1,UNKNOWN,7,11069,0,false,false,false
Nat.mul_self_le_mul_self,2,UNKNOWN,6,11067,0,false,false,false
Nat.eq_zero_of_mul_le,0,SAT,7,55,0,true,true,false
Nat.eq_zero_of_mul_le,1,SAT,6,55,0,true,true,true
Nat.eq_zero_of_mul_le,2,SAT,8,54,0,true,true,false
Nat.sum_pos_iff_exists_pos,0,UNKNOWN,18,10317,0,false,false,false
Nat.sum_pos_iff_exists_pos,1,UNKNOWN,18,10117,0,false,false,false
Nat.le_add_one_iff,0,SAT,7,55,0,true,true,false
Nat.le_add_one_iff,1,SAT,6,55,0,true,true,false
Nat.le_add_one_iff,2,SAT,6,55,0,true,true,false
Nat.le_add_one_iff,3,SAT,7,54,0,true,true,false
Nat.mul_add_mod_of_lt,0,SAT,7,55,0,true,true,false
Nat.mul_add_mod_of_lt,1,SAT,8,505,0,false,true,false
Nat.mul_add_mod_of_lt,2,UNKNOWN,8,11069,0,false,false,false
Nat.mul_add_mod_of_lt,3,SAT,8,55,0,true,true,false
Nat.mul_add_mod_of_lt,4,UNKNOWN,9,11069,0,false,false,false
Nat.mul_add_mod_of_lt,5,SAT,8,56,0,true,true,false
Nat.mul_add_mod_of_lt,6,SAT,9,54,1,true,true,false
Nat.shiftLeft_succ_inside,0,SAT,1,55,0,true,true,false
Nat.shiftLeft_succ_inside,1,SAT,1,55,0,true,true,false
Nat.log2_eq_iff,0,ERR_ENCODING,0,0,0,false,false,false
Nat.log2_eq_iff,1,ERR_ENCODING,1,0,0,false,false,false
Nat.log2_eq_iff,2,ERR_ENCODING,1,0,0,false,false,false
Nat.log2_eq_iff,3,ERR_ENCODING,1,0,0,false,false,false
Nat.log2_eq_iff,4,ERR_ENCODING,1,0,0,false,false,false
Nat.ne_zero_of_mul_ne_zero_left,0,SAT,1,54,0,true,true,true
Nat.ne_zero_of_mul_ne_zero_left,1,UNSAT,1,55,0,true,true,false
Nat.one_lt_pow_iff,0,SAT,7,55,0,true,true,false
Nat.one_lt_pow_iff,1,SAT,8,455,0,true,true,false
Nat.one_lt_pow_iff,2,UNKNOWN,7,11069,0,false,false,false
Nat.one_lt_pow_iff,3,SAT,7,456,0,true,true,false
Nat.one_lt_pow_iff,4,SAT,8,106,0,true,true,false
Nat.pos_of_lt_add_right,0,SAT,7,54,0,true,true,false
Nat.pos_of_lt_add_right,1,SAT,6,55,0,true,true,false
Nat.pos_of_lt_add_right,2,SAT,7,505,0,true,true,false
Nat.dvd_iff_div_mul_eq,0,SAT,8,106,0,true,false,false
Nat.dvd_iff_div_mul_eq,1,SAT,8,55,0,true,false,false
Nat.dvd_iff_div_mul_eq,2,SAT,8,106,0,true,false,false
Nat.mul_add_mod',0,SAT,8,54,0,true,true,false
Nat.mul_add_mod',1,SAT,8,505,0,true,true,false
Nat.mul_add_mod',2,SAT,8,55,0,true,true,false
Nat.mul_add_mod',3,UNKNOWN,8,11067,0,false,false,false
Nat.mul_add_mod',4,UNKNOWN,8,11069,0,false,false,false
Nat.mul_add_mod',5,SAT,8,457,0,true,true,false
Nat.one_add_le_iff,0,SAT,8,55,0,true,true,false
Nat.one_add_le_iff,1,SAT,8,505,0,true,true,false
Nat.one_add_le_iff,2,SAT,6,456,0,true,true,false
Nat.one_add_le_iff,3,SAT,7,54,0,true,true,false
Nat.pred_eq_self_iff,0,SAT,0,55,0,true,true,true
Nat.shiftRight_succ_inside,0,SAT,8,55,0,true,true,false
Nat.shiftRight_succ_inside,1,SAT,8,55,0,false,true,false
Nat.pow_right_inj,0,SAT,2,54,0,true,true,false
Nat.pow_right_inj,1,SAT,7,455,1,true,true,false
Nat.pow_right_inj,2,SAT,8,55,0,false,true,false
Nat.pow_right_inj,3,SAT,7,55,0,true,true,false
Nat.pow_right_inj,4,SAT,8,55,0,true,true,false
Nat.pow_right_inj,5,SAT,7,54,1,false,true,false
Nat.pow_right_inj,6,SAT,8,455,0,true,true,false
Nat.pow_right_inj,7,SAT,7,54,0,true,true,false
Nat.pred_sub,0,SAT,1,105,0,true,true,true
Nat.pred_sub,1,SAT,1,55,0,true,true,true
Nat.one_lt_two_pow,0,SAT,7,55,0,true,true,false
Nat.one_lt_two_pow,1,SAT,9,55,0,true,true,false
Nat.lt_pred_iff,0,SAT,7,55,0,true,true,false
Nat.lt_pred_iff,1,SAT,8,55,0,true,true,false
Nat.lt_pred_iff,2,SAT,7,55,0,true,true,false
Nat.lt_pred_iff,3,SAT,7,55,0,true,true,false
Nat.two_pow_pred_mul_two,0,SAT,2,55,0,true,true,false
Nat.lt_sub_iff_add_lt',0,SAT,7,55,0,true,true,false
Nat.lt_sub_iff_add_lt',1,SAT,7,55,0,true,true,false
Nat.lt_sub_iff_add_lt',2,SAT,7,54,1,true,true,false
Nat.lt_sub_iff_add_lt',3,SAT,7,55,0,true,true,false
Nat.lt_sub_iff_add_lt',4,SAT,7,55,0,true,true,false
Nat.lt_sub_iff_add_lt',5,SAT,7,55,0,true,true,false
Nat.lt_sub_iff_add_lt',6,SAT,7,55,0,true,true,false
Nat.lt_sub_iff_add_lt',7,SAT,7,55,0,true,true,false
Nat.dvd_add_left,0,UNKNOWN,2,11068,0,false,false,false
Nat.dvd_add_left,1,UNKNOWN,2,11068,0,false,false,false
Nat.dvd_add_left,2,UNKNOWN,1,11069,0,false,false,false
Nat.dvd_add_left,3,UNKNOWN,2,11068,0,false,false,false
Nat.dvd_add_left,4,UNKNOWN,1,11069,0,false,false,false
Nat.dvd_add_left,5,UNKNOWN,2,11069,0,false,false,false
Nat.dvd_add_left,6,UNKNOWN,2,11068,0,false,false,false
Nat.dvd_add_left,7,UNKNOWN,1,11069,0,false,false,false
Nat.mod_div_self,0,UNKNOWN,8,11070,0,false,false,false
Nat.mod_div_self,1,UNKNOWN,9,11069,0,false,false,false
Nat.add_sub_one_le_mul,0,SAT,7,56,0,true,true,false
Nat.add_sub_one_le_mul,1,SAT,7,55,0,true,true,false
Nat.add_sub_one_le_mul,2,SAT,7,55,0,true,true,false
Nat.add_sub_one_le_mul,3,SAT,7,456,0,true,true,false
Nat.dvd_div_of_mul_dvd,0,UNKNOWN,9,11068,0,false,false,false
Nat.dvd_div_of_mul_dvd,1,UNKNOWN,8,11069,0,false,false,false
Nat.dvd_div_of_mul_dvd,2,UNKNOWN,9,11067,0,false,false,false
Nat.dvd_div_of_mul_dvd,3,UNKNOWN,8,11064,0,false,false,false
Nat.dvd_div_of_mul_dvd,4,UNKNOWN,8,11068,0,false,false,false
Nat.dvd_div_of_mul_dvd,5,UNKNOWN,8,11069,0,false,false,false
Nat.dvd_div_of_mul_dvd,6,UNKNOWN,8,11069,0,false,false,false
Nat.pow_lt_pow_succ,0,SAT,7,455,0,true,true,false
Nat.pow_lt_pow_succ,1,SAT,8,55,0,true,true,false
Nat.pow_lt_pow_succ,2,SAT,8,55,0,false,true,false
Nat.pow_lt_pow_succ,3,SAT,8,55,0,false,true,false
Nat.sub_lt_add_one,0,UNKNOWN,7,11066,1,false,false,false
Nat.sub_lt_add_one,1,UNKNOWN,7,11119,0,false,false,false
Nat.sub_lt_add_one,2,SAT,8,505,0,true,true,false
Nat.le_iff_ne_zero_of_dvd,0,SAT,7,55,0,true,true,true
Nat.le_iff_ne_zero_of_dvd,1,SAT,6,55,0,true,true,true
Nat.le_iff_ne_zero_of_dvd,2,SAT,7,55,0,true,true,false
Nat.le_iff_ne_zero_of_dvd,3,SAT,7,55,0,true,true,false
Nat.le_iff_ne_zero_of_dvd,4,SAT,7,456,0,true,true,false
Nat.self_sub_mod,0,SAT,7,55,0,true,true,false
Nat.self_sub_mod,1,SAT,10,55,0,true,true,false
Nat.self_sub_mod,2,SAT,9,155,1,true,true,false
Nat.max_right_comm,0,UNKNOWN,9,9817,0,false,false,false
Nat.max_right_comm,1,UNKNOWN,9,9818,0,false,false,false
Nat.max_right_comm,2,UNKNOWN,8,9619,0,false,false,false
Nat.max_right_comm,3,UNKNOWN,9,9817,1,false,false,false
Nat.max_right_comm,4,UNKNOWN,9,9766,0,false,false,false
Nat.max_right_comm,5,UNKNOWN,9,9767,0,false,false,false
Nat.exists_lt_succ_right,0,UNKNOWN,8,11068,0,false,false,false
Nat.exists_lt_succ_right,1,SAT,7,6312,1,true,false,false
Nat.exists_lt_succ_right,2,UNKNOWN,7,11067,0,false,false,false
Nat.div_lt_one_iff,0,SAT,7,55,0,true,true,false
Nat.div_lt_one_iff,1,SAT,7,55,0,true,true,false
Nat.div_lt_one_iff,2,SAT,8,55,0,true,true,false
Nat.div_lt_one_iff,3,SAT,8,505,0,true,true,false
Nat.div_lt_one_iff,4,SAT,9,55,0,true,true,false
Nat.mul_left_cancel_iff,0,SAT,1,55,0,true,true,false
Nat.mul_left_cancel_iff,1,SAT,7,55,0,true,true,false
Nat.mul_left_cancel_iff,2,SAT,7,55,0,true,true,false
Nat.mul_left_cancel_iff,3,SAT,7,55,0,true,true,false
Nat.mul_left_cancel_iff,4,SAT,7,55,0,true,true,false
Nat.mul_left_cancel_iff,5,SAT,7,455,1,true,true,false
Nat.mul_left_cancel_iff,6,SAT,7,55,0,true,true,false
Nat.mul_left_cancel_iff,7,SAT,7,54,1,true,true,false
Nat.sub_sub_eq_min,0,UNKNOWN,9,11068,0,false,false,false
Nat.sub_sub_eq_min,1,UNKNOWN,8,11069,0,false,false,false
Nat.le_div_two_of_div_two_lt_sub,0,SAT,8,506,0,true,true,false
Nat.le_div_two_of_div_two_lt_sub,1,SAT,8,55,0,true,true,false
Nat.le_div_two_of_div_two_lt_sub,2,SAT,8,55,0,false,true,false
Nat.div_lt_div_of_lt_of_dvd,0,SAT,8,55,0,true,true,false
Nat.div_lt_div_of_lt_of_dvd,1,SAT,8,55,0,true,true,false
Nat.div_lt_div_of_lt_of_dvd,2,SAT,8,506,0,true,true,false
Nat.div_lt_div_of_lt_of_dvd,3,SAT,9,1058,0,true,true,false
Nat.div_lt_div_of_lt_of_dvd,4,SAT,8,105,0,true,true,false
Nat.div_lt_div_of_lt_of_dvd,5,SAT,8,55,0,false,true,false
Nat.div_lt_div_of_lt_of_dvd,6,SAT,8,55,0,false,true,false
Nat.div_lt_div_of_lt_of_dvd,7,UNKNOWN,9,11071,0,false,false,false
Nat.div_lt_div_of_lt_of_dvd,8,SAT,8,55,0,true,true,false
Nat.sub_add_lt_sub,0,SAT,7,55,0,true,true,false
Nat.sub_add_lt_sub,1,SAT,9,556,0,true,true,false
Nat.sub_add_lt_sub,2,SAT,7,305,0,true,true,false
Nat.sub_add_lt_sub,3,UNKNOWN,7,11069,1,false,false,false
Nat.sub_add_lt_sub,4,UNKNOWN,7,11116,1,false,false,false
Nat.sub_add_lt_sub,5,SAT,8,55,0,true,true,false
Nat.sub_add_lt_sub,6,UNKNOWN,7,11068,0,false,false,false
Nat.sub_add_lt_sub,7,SAT,8,105,1,true,true,false
Nat.sub_add_lt_sub,8,UNKNOWN,7,11119,0,false,false,false
Nat.mul_right_cancel_iff,0,SAT,1,55,0,true,true,false
Nat.mul_right_cancel_iff,1,SAT,7,55,0,true,true,false
Nat.mul_right_cancel_iff,2,SAT,7,55,0,true,true,false
Nat.mul_right_cancel_iff,3,SAT,8,455,0,true,true,false
Nat.mul_right_cancel_iff,4,SAT,6,55,0,true,true,false
Nat.mul_right_cancel_iff,5,SAT,7,55,0,true,true,false
Nat.mul_right_cancel_iff,6,SAT,7,55,0,true,true,false
Nat.mul_right_cancel_iff,7,SAT,7,55,0,true,true,false
Nat.div_eq_iff_eq_of_dvd_dvd,0,SAT,9,105,0,true,true,false
Nat.div_eq_iff_eq_of_dvd_dvd,1,SAT,8,55,0,false,true,false
Nat.div_eq_iff_eq_of_dvd_dvd,2,SAT,8,55,0,false,true,false
Nat.div_eq_iff_eq_of_dvd_dvd,3,SAT,8,55,0,false,true,false
Nat.div_eq_iff_eq_of_dvd_dvd,4,SAT,9,55,0,false,true,false
Nat.div_eq_iff_eq_of_dvd_dvd,5,SAT,8,506,0,true,true,false
Nat.div_eq_iff_eq_of_dvd_dvd,6,SAT,8,55,0,false,true,false
Nat.div_eq_iff_eq_of_dvd_dvd,7,SAT,8,55,0,false,true,false
Nat.div_eq_iff_eq_of_dvd_dvd,8,SAT,8,55,1,false,true,false
Nat.div_eq_iff_eq_of_dvd_dvd,9,SAT,8,55,0,false,true,false
Nat.mod_mul_mod,0,SAT,8,55,0,true,true,false
Nat.mod_mul_mod,1,SAT,8,55,0,true,true,false
Nat.mod_mul_mod,2,SAT,8,505,1,true,true,false
Nat.mod_mul_mod,3,SAT,9,55,0,true,true,false
Nat.mod_mul_mod,4,SAT,8,55,0,true,true,false
Nat.mod_mul_mod,5,SAT,8,55,0,true,true,false
Nat.succ_mul_succ_eq,0,SAT,2,54,0,true,true,false
Nat.succ_mul_succ_eq,1,SAT,2,455,0,true,true,false
Nat.exists_add_one_eq,0,SAT,7,55,0,true,false,false
Nat.exists_add_one_eq,1,SAT,8,55,0,true,true,false
Nat.lt_add_left_iff_pos,0,SAT,7,55,0,true,true,false
Nat.lt_add_left_iff_pos,1,SAT,7,54,1,true,true,false
Nat.lt_add_left_iff_pos,2,SAT,8,55,0,true,true,false
Nat.lt_add_left_iff_pos,3,SAT,6,55,0,true,true,false
Nat.pow_dvd_of_le_of_pow_dvd,0,UNKNOWN,2,11069,0,false,false,false
Nat.pow_dvd_of_le_of_pow_dvd,1,UNKNOWN,7,11069,0,false,false,false
Nat.pow_dvd_of_le_of_pow_dvd,2,UNKNOWN,7,11069,0,false,false,false
Nat.pow_dvd_of_le_of_pow_dvd,3,UNKNOWN,7,11069,0,false,false,false
Nat.pow_dvd_of_le_of_pow_dvd,4,UNKNOWN,8,11068,0,false,false,false
Nat.pow_dvd_of_le_of_pow_dvd,5,UNKNOWN,7,11068,0,false,false,false
Nat.pow_dvd_of_le_of_pow_dvd,6,UNKNOWN,7,11069,0,false,false,false
Nat.pow_dvd_of_le_of_pow_dvd,7,UNKNOWN,8,11070,0,false,false,false
Nat.pow_dvd_of_le_of_pow_dvd,8,UNKNOWN,7,11068,0,false,false,false
Nat.pow_dvd_of_le_of_pow_dvd,9,UNKNOWN,8,11069,0,false,false,false
Nat.pow_dvd_of_le_of_pow_dvd,10,UNSAT,7,55,0,true,false,false
Nat.mul_right_cancel,0,SAT,1,55,0,true,true,false
Nat.mul_right_cancel,1,SAT,7,55,0,true,true,false
Nat.mul_right_cancel,2,UNSAT,7,55,0,true,true,false
Nat.mul_right_cancel,3,SAT,7,55,0,true,true,false
Nat.mul_right_cancel,4,UNSAT,7,54,0,true,true,false
Nat.mul_right_cancel,5,SAT,7,55,0,true,true,false
Nat.pow_pos_iff,0,SAT,6,55,0,true,true,false
Nat.pow_pos_iff,1,SAT,7,55,0,true,true,false
Nat.pow_pos_iff,2,SAT,8,55,0,true,true,false
Nat.pow_pos_iff,3,SAT,8,455,0,true,true,false
Nat.pow_pos_iff,4,SAT,8,55,0,true,true,false
Nat.mul_ne_mul_left,0,SAT,1,54,0,true,true,false
Nat.mul_ne_mul_left,1,SAT,1,55,0,true,true,false
Nat.mul_ne_mul_left,2,SAT,1,55,0,true,true,false
Nat.mul_ne_mul_left,3,SAT,1,55,0,true,true,false
Nat.mul_ne_mul_left,4,SAT,1,55,0,true,true,false
Nat.mul_ne_mul_left,5,SAT,1,55,0,true,true,false
Nat.mul_ne_mul_left,6,SAT,1,55,0,true,true,false
Nat.mul_ne_mul_left,7,SAT,2,54,0,true,true,false
Nat.forall_lt_succ_left,0,SAT,7,55,0,true,true,false
Nat.pow_dvd_pow_iff_le_right,0,SAT,8,156,0,true,false,false
Nat.pow_dvd_pow_iff_le_right,1,UNKNOWN,7,11070,0,false,false,false
Nat.pow_dvd_pow_iff_le_right,2,SAT,7,5614,0,true,false,false
Nat.pow_dvd_pow_iff_le_right,3,UNKNOWN,7,11070,0,false,false,false
Nat.pow_dvd_pow_iff_le_right,4,SAT,7,157,0,true,false,false
Nat.pow_dvd_pow_iff_le_right,5,SAT,8,256,0,true,false,false
Nat.pow_dvd_pow_iff_le_right,6,UNKNOWN,8,11068,0,false,false,false
Nat.pow_dvd_pow_iff_le_right,7,SAT,7,206,0,true,false,false
Nat.pow_self_pos,0,SAT,8,506,0,true,true,false
Nat.lt_mul_iff_one_lt_left,0,SAT,6,55,0,true,true,false
Nat.lt_mul_iff_one_lt_left,1,SAT,7,657,0,true,true,false
Nat.lt_mul_iff_one_lt_left,2,SAT,7,55,0,true,true,false
Nat.lt_mul_iff_one_lt_left,3,SAT,7,55,0,true,true,false
Nat.lt_mul_iff_one_lt_left,4,SAT,8,56,0,true,true,false
Nat.mod_two_ne_zero,0,SAT,8,506,0,true,true,false
Nat.mul_lt_mul'',0,SAT,7,55,0,true,true,false
Nat.mul_lt_mul'',1,SAT,7,55,0,true,true,false
Nat.mul_lt_mul'',2,UNKNOWN,7,11069,0,false,false,false
Nat.mul_lt_mul'',3,SAT,7,556,0,false,true,false
Nat.mul_lt_mul'',4,SAT,7,55,0,true,true,false
Nat.mul_lt_mul'',5,SAT,7,555,1,false,true,false
Nat.mul_lt_mul'',6,SAT,8,55,0,true,true,false
Nat.mul_lt_mul'',7,SAT,7,55,0,true,true,false
Nat.mul_lt_mul'',8,SAT,7,55,0,true,true,false
Nat.mul_lt_mul'',9,SAT,7,55,0,true,true,false
Nat.mul_lt_mul'',10,SAT,7,55,0,true,true,false
Nat.mul_lt_mul'',11,SAT,8,55,0,true,true,false
Nat.mul_lt_mul'',12,SAT,8,55,0,true,true,false
Nat.mul_lt_mul'',13,SAT,6,556,0,true,true,false
Nat.mul_lt_mul'',14,UNKNOWN,7,11068,0,false,false,false
Nat.sub_le_iff_le_add',0,SAT,7,55,0,true,true,false
Nat.sub_le_iff_le_add',1,SAT,8,55,0,true,true,false
Nat.sub_le_iff_le_add',2,SAT,7,55,0,true,true,false
Nat.sub_le_iff_le_add',3,SAT,6,55,0,true,true,false
Nat.sub_le_iff_le_add',4,SAT,7,55,0,true,true,false
Nat.sub_le_iff_le_add',5,SAT,6,55,0,true,true,false
Nat.sub_le_iff_le_add',6,SAT,7,55,1,true,true,false
Nat.pow_two_sub_pow_two,0,SAT,2,55,0,true,true,false
Nat.pow_two_sub_pow_two,1,SAT,2,55,0,true,true,false
Nat.lt_mul_of_div_lt,0,SAT,6,55,1,true,true,false
Nat.lt_mul_of_div_lt,1,SAT,8,55,0,true,true,false
Nat.lt_mul_of_div_lt,2,SAT,7,506,0,true,true,false
Nat.lt_mul_of_div_lt,3,SAT,7,506,0,true,true,false
Nat.lt_mul_of_div_lt,4,SAT,8,506,0,true,true,false
Nat.lt_mul_of_div_lt,5,SAT,8,55,0,true,true,false
Nat.lt_mul_of_div_lt,6,SAT,8,257,0,true,true,false
Nat.lt_mul_of_div_lt,7,SAT,8,55,0,true,true,false
Nat.lt_mul_of_div_lt,8,SAT,8,455,0,true,true,false
Nat.lt_iff_le_pred,0,SAT,6,55,0,true,true,false
Nat.lt_iff_le_pred,1,SAT,7,55,0,true,true,false
Nat.lt_iff_le_pred,2,SAT,8,506,0,true,true,false
Nat.lt_iff_le_pred,3,SAT,7,55,0,true,true,false
Nat.lt_iff_le_pred,4,SAT,7,55,0,true,true,false
Nat.two_pow_sub_two_pow_pred,0,SAT,2,55,0,true,true,false
Nat.mul_div_lt_iff_not_dvd,0,UNKNOWN,8,11069,0,false,false,false
Nat.mul_div_lt_iff_not_dvd,1,SAT,8,55,0,true,true,false
Nat.mul_div_lt_iff_not_dvd,2,UNKNOWN,9,11069,0,false,false,false
Nat.mul_div_lt_iff_not_dvd,3,UNKNOWN,8,11067,0,false,false,false
Nat.sub_sub_sub_cancel_right,0,SAT,1,55,0,true,true,true
Nat.sub_sub_sub_cancel_right,1,SAT,7,55,0,true,true,true
Nat.sub_sub_sub_cancel_right,2,SAT,6,55,0,true,true,true
Nat.sub_sub_sub_cancel_right,3,SAT,7,55,0,true,true,true
Nat.sub_sub_sub_cancel_right,4,SAT,7,55,0,true,true,true
Nat.sub_sub_sub_cancel_right,5,SAT,8,55,0,true,true,true
Nat.sub_sub_sub_cancel_right,6,SAT,7,105,0,true,true,true
Nat.exists_lt_succ_left,0,SAT,8,207,0,true,false,false
Nat.exists_lt_succ_left,1,SAT,7,55,0,true,false,false
Nat.exists_lt_succ_left,2,SAT,7,55,1,true,false,false
Nat.add_mod_eq_add_mod_left,0,SAT,8,55,0,true,true,false
Nat.add_mod_eq_add_mod_left,1,SAT,8,506,0,true,true,false
Nat.add_mod_eq_add_mod_left,2,UNSAT,8,56,0,true,true,false
Nat.add_mod_eq_add_mod_left,3,SAT,8,55,0,true,true,false
Nat.add_mod_eq_add_mod_left,4,SAT,8,506,0,true,true,false
Nat.add_mod_eq_add_mod_left,5,SAT,9,55,0,true,true,false
Nat.add_mod_eq_add_mod_left,6,SAT,8,55,1,true,true,false
Nat.add_mod_eq_add_mod_left,7,UNSAT,7,55,0,true,true,false
Nat.add_mod_eq_add_mod_left,8,SAT,8,55,0,true,true,false
Nat.add_mod_eq_add_mod_left,9,SAT,8,55,0,true,true,false
Nat.add_mod_eq_add_mod_left,10,SAT,8,506,0,true,true,false
Nat.add_mod_eq_add_mod_left,11,SAT,7,55,1,true,true,false
Nat.add_mod_eq_add_mod_left,12,SAT,9,55,0,true,true,false
Nat.mod_eq_sub_iff,0,SAT,8,106,0,true,false,false
Nat.mod_eq_sub_iff,1,UNKNOWN,8,11069,0,false,false,false
Nat.mod_eq_sub_iff,2,SAT,8,857,1,true,false,false
Nat.mod_eq_sub_iff,3,UNKNOWN,8,11071,0,false,false,false
Nat.mod_eq_sub_iff,4,UNKNOWN,9,11069,0,false,false,false
Nat.mod_eq_sub_iff,5,UNKNOWN,8,11066,0,false,false,false
Nat.mod_eq_sub_iff,6,UNKNOWN,8,11069,0,false,false,false
Nat.mod_eq_sub_iff,7,UNKNOWN,8,11069,0,false,false,false
Nat.mod_eq_sub_iff,8,SAT,8,157,0,true,false,false
Nat.mul_self_lt_mul_self_iff,0,SAT,8,55,0,true,true,false
Nat.mul_self_lt_mul_self_iff,1,SAT,8,55,0,true,true,false
Nat.mul_self_lt_mul_self_iff,2,SAT,7,55,1,true,true,false
Nat.mul_self_lt_mul_self_iff,3,UNKNOWN,7,11116,0,false,false,false
Nat.sub_le_sub_iff_left,0,SAT,7,55,0,true,true,true
Nat.sub_le_sub_iff_left,1,SAT,7,55,0,true,true,true
Nat.sub_le_sub_iff_left,2,SAT,7,55,0,true,true,true
Nat.sub_le_sub_iff_left,3,SAT,7,55,0,true,true,true
Nat.sub_le_sub_iff_left,4,SAT,7,55,0,true,true,true
Nat.sub_le_sub_iff_left,5,SAT,7,55,0,true,true,true
Nat.sub_le_sub_iff_left,6,SAT,7,55,0,true,true,true
Nat.sub_le_sub_iff_left,7,SAT,7,55,0,true,true,true
Nat.forall_lt_succ_right,0,SAT,8,506,0,true,true,false
Nat.mul_add_mod,0,SAT,8,55,0,true,true,false
Nat.mul_add_mod,1,SAT,8,106,0,true,true,false
Nat.mul_add_mod,2,UNKNOWN,8,11070,0,false,false,false
Nat.mul_add_mod,3,UNKNOWN,8,11069,0,false,false,false
Nat.mul_add_mod,4,SAT,9,505,0,true,true,false
Nat.mul_add_mod,5,SAT,9,55,0,true,true,false
Nat.mul_mod,0,SAT,9,55,0,true,true,false
Nat.mul_mod,1,SAT,8,456,0,true,true,false
Nat.mul_mod,2,SAT,7,56,0,true,true,false
Nat.mul_mod,3,SAT,8,506,0,true,true,false
Nat.mul_mod,4,SAT,8,506,0,true,true,false
Nat.mul_mod,5,SAT,8,55,0,true,true,false
Nat.sub_add_comm,0,SAT,1,55,0,true,true,false
Nat.sub_add_comm,1,SAT,7,55,0,true,true,false
Nat.sub_add_comm,2,SAT,7,55,0,true,true,false
Nat.sub_add_comm,3,SAT,7,55,0,true,true,false
Nat.sub_add_comm,4,SAT,7,55,0,true,true,false
Nat.sub_add_comm,5,SAT,6,56,0,true,true,false
Nat.sub_add_comm,6,SAT,7,55,0,true,true,false
Nat.sub_add_min_cancel,0,UNKNOWN,9,11069,0,false,false,false
Nat.sub_add_min_cancel,1,UNKNOWN,9,11068,0,false,false,false
Nat.add_left_eq_self,0,SAT,1,55,0,true,true,false
Nat.add_left_eq_self,1,SAT,1,55,0,true,true,false
Nat.add_left_eq_self,2,SAT,1,55,0,true,true,false
Nat.left_eq_add,0,SAT,1,55,0,true,true,false
Nat.left_eq_add,1,SAT,1,456,0,true,true,false
Nat.left_eq_add,2,SAT,1,54,0,true,true,false
Nat.add_right_min_self,0,UNKNOWN,8,11068,0,false,false,false
Nat.add_right_min_self,1,UNKNOWN,9,11070,0,false,false,false
Nat.pow_lt_pow_of_lt,0,SAT,7,55,0,true,true,false
Nat.pow_lt_pow_of_lt,1,SAT,7,55,0,true,true,false
Nat.pow_lt_pow_of_lt,2,SAT,8,55,0,true,true,false
Nat.pow_lt_pow_of_lt,3,SAT,7,55,0,false,true,false
Nat.pow_lt_pow_of_lt,4,SAT,8,455,1,false,true,false
Nat.pow_lt_pow_of_lt,5,SAT,7,55,0,false,true,false
Nat.pow_lt_pow_of_lt,6,SAT,9,4061,1,true,true,false
Nat.pow_lt_pow_of_lt,7,SAT,8,55,0,false,true,false
Nat.pow_lt_pow_of_lt,8,SAT,7,55,0,true,true,false
Nat.lt_iff_lt_of_mul_eq_mul,0,SAT,7,55,0,true,true,false
Nat.lt_iff_lt_of_mul_eq_mul,1,SAT,7,56,0,true,true,false
Nat.lt_iff_lt_of_mul_eq_mul,2,SAT,7,56,0,true,true,false
Nat.lt_iff_lt_of_mul_eq_mul,3,SAT,8,306,0,true,true,false
Nat.lt_iff_lt_of_mul_eq_mul,4,SAT,7,55,0,true,true,false
Nat.lt_iff_lt_of_mul_eq_mul,5,SAT,7,256,0,true,true,false
Nat.lt_iff_lt_of_mul_eq_mul,6,SAT,7,455,0,true,true,false
Nat.lt_iff_lt_of_mul_eq_mul,7,SAT,8,55,0,true,true,false
Nat.lt_iff_lt_of_mul_eq_mul,8,SAT,7,55,0,true,true,false
Nat.lt_iff_lt_of_mul_eq_mul,9,SAT,7,55,0,true,true,false
Nat.lt_iff_lt_of_mul_eq_mul,10,SAT,7,55,1,true,true,false
Nat.lt_iff_lt_of_mul_eq_mul,11,SAT,7,55,0,true,true,false
Nat.lt_iff_lt_of_mul_eq_mul,12,SAT,8,455,0,true,true,false
Nat.lt_iff_lt_of_mul_eq_mul,13,SAT,8,56,0,false,true,false
Nat.lt_iff_lt_of_mul_eq_mul,14,SAT,8,55,0,true,true,false
Nat.lt_iff_lt_of_mul_eq_mul,15,SAT,7,55,0,true,true,false
Nat.lt_iff_lt_of_mul_eq_mul,16,SAT,7,55,0,true,true,false
Nat.lt_iff_lt_of_mul_eq_mul,17,SAT,7,55,0,true,true,false
Nat.lt_iff_lt_of_mul_eq_mul,18,SAT,7,55,0,true,true,false
Nat.lt_iff_lt_of_mul_eq_mul,19,SAT,8,55,0,false,true,false
Nat.lt_iff_lt_of_mul_eq_mul,20,SAT,7,55,0,true,true,false
Nat.div_pow,0,SAT,9,55,0,false,true,false
Nat.div_pow,1,SAT,8,55,0,true,true,false
Nat.div_pow,2,SAT,9,55,0,true,true,false
Nat.div_pow,3,SAT,8,4161,0,true,true,false
Nat.div_pow,4,SAT,9,506,0,false,true,false
Nat.div_pow,5,SAT,8,55,0,false,true,false
Nat.div_pow,6,SAT,8,56,0,true,true,false
Nat.add_left_inj,0,SAT,1,55,0,true,true,false
Nat.add_left_inj,1,SAT,1,55,0,true,true,false
Nat.add_left_inj,2,SAT,1,55,0,true,true,false
Nat.add_left_inj,3,SAT,1,56,0,true,true,false
Nat.add_left_inj,4,SAT,1,55,0,true,true,false
Nat.add_left_inj,5,SAT,1,55,0,true,true,false
Nat.add_left_inj,6,SAT,1,56,0,true,true,false
Nat.add_eq_zero_iff,0,SAT,1,55,0,true,true,false
Nat.add_eq_zero_iff,1,SAT,1,55,0,true,true,false
Nat.add_eq_zero_iff,2,SAT,1,56,0,true,true,false
Nat.ne_zero_of_mul_ne_zero_right,0,SAT,1,55,0,true,true,true
Nat.ne_zero_of_mul_ne_zero_right,1,UNKNOWN,1,10316,0,false,false,false
Nat.pow_eq_one,0,SAT,2,55,0,true,true,false
Nat.pow_eq_one,1,SAT,1,56,0,true,true,false
Nat.pow_eq_one,2,SAT,1,55,0,true,true,false
Nat.pow_eq_one,3,SAT,1,55,1,true,true,false
Nat.log2_self_le,0,ERR_ENCODING,5,0,0,false,false,false
Nat.dvd_sub_mod,0,UNKNOWN,7,7014,0,false,false,false
Nat.dvd_sub_mod,1,UNKNOWN,8,7566,0,false,false,false
Nat.min_left_comm,0,UNKNOWN,9,9616,0,false,false,false
Nat.min_left_comm,1,UNKNOWN,8,9868,0,false,false,false
Nat.min_left_comm,2,UNKNOWN,8,9818,0,false,false,false
Nat.min_left_comm,3,UNKNOWN,8,9817,0,false,false,false
Nat.min_left_comm,4,UNKNOWN,8,10218,0,false,false,false
Nat.min_left_comm,5,UNKNOWN,9,9717,0,false,false,false
Nat.two_pow_pred_lt_two_pow,0,SAT,7,56,0,true,true,false
Nat.two_pow_pred_lt_two_pow,1,SAT,8,56,0,true,true,false
Nat.pow_le_pow_iff_left,0,SAT,7,56,0,true,true,false
Nat.pow_le_pow_iff_left,1,SAT,7,55,0,true,true,false
Nat.pow_le_pow_iff_left,2,SAT,7,55,0,true,true,false
Nat.pow_le_pow_iff_left,3,SAT,7,55,0,true,true,false
Nat.pow_le_pow_iff_left,4,SAT,7,55,0,true,true,false
Nat.pow_le_pow_iff_left,5,SAT,7,456,0,true,true,false
Nat.pow_le_pow_iff_left,6,SAT,7,56,0,true,true,false
Nat.pow_le_pow_iff_left,7,SAT,7,55,1,true,true,false
Nat.eq_sub_of_add_eq',0,SAT,1,55,0,true,true,true
Nat.eq_sub_of_add_eq',1,SAT,1,56,0,true,true,false
Nat.eq_sub_of_add_eq',2,SAT,1,56,0,true,true,false
Nat.eq_sub_of_add_eq',3,SAT,1,55,0,true,true,false
Nat.eq_sub_of_add_eq',4,SAT,1,56,0,true,true,false
Nat.eq_sub_of_add_eq',5,SAT,1,56,0,true,true,false
Nat.eq_sub_of_add_eq',6,SAT,1,56,0,true,true,false
Nat.le_pow,0,SAT,6,55,0,true,true,false
Nat.le_pow,1,SAT,7,55,0,true,true,false
Nat.le_pow,2,UNKNOWN,7,11120,0,false,false,false
Nat.sub_right_comm,0,SAT,1,55,0,true,true,true
Nat.sub_right_comm,1,SAT,1,55,0,true,true,true
Nat.sub_right_comm,2,SAT,1,55,0,true,true,true
Nat.sub_right_comm,3,SAT,1,55,0,true,true,true
Nat.sub_right_comm,4,SAT,1,55,0,true,true,true
Nat.sub_right_comm,5,SAT,2,55,0,true,true,true
Nat.lt_log2_self,0,ERR_ENCODING,6,0,0,false,false,false
Nat.pow_lt_pow_right,0,SAT,6,55,0,true,true,false
Nat.pow_lt_pow_right,1,SAT,8,55,0,true,true,false
Nat.pow_lt_pow_right,2,SAT,7,456,0,false,true,false
Nat.pow_lt_pow_right,3,SAT,7,55,1,true,true,false
Nat.pow_lt_pow_right,4,SAT,7,56,0,true,true,false
Nat.pow_lt_pow_right,5,SAT,8,55,0,true,true,false
Nat.pow_lt_pow_right,6,SAT,8,55,0,false,true,false
Nat.pow_lt_pow_right,7,SAT,7,56,0,false,true,false
Nat.pow_lt_pow_right,8,SAT,7,55,1,false,true,false
Nat.add_right_inj,0,SAT,1,55,0,true,true,false
Nat.add_right_inj,1,SAT,1,55,0,true,true,false
Nat.add_right_inj,2,SAT,1,55,0,true,true,false
Nat.add_right_inj,3,SAT,1,55,0,true,true,false
Nat.add_right_inj,4,SAT,1,55,0,true,true,false
Nat.add_right_inj,5,SAT,1,55,0,true,true,false
Nat.add_right_inj,6,SAT,1,56,0,true,true,false
Nat.div_le_iff_le_mul_add_pred,0,SAT,8,56,0,true,true,false
Nat.div_le_iff_le_mul_add_pred,1,SAT,9,106,0,true,true,false
Nat.div_le_iff_le_mul_add_pred,2,SAT,8,55,0,true,true,false
Nat.div_le_iff_le_mul_add_pred,3,SAT,8,55,0,true,true,false
Nat.div_le_iff_le_mul_add_pred,4,SAT,8,106,0,true,true,false
Nat.div_le_iff_le_mul_add_pred,5,SAT,9,55,0,true,true,false
Nat.div_le_iff_le_mul_add_pred,6,SAT,9,55,0,true,true,false
Nat.div_le_iff_le_mul_add_pred,7,SAT,8,55,0,true,true,false
Nat.lt_div_iff_mul_lt',0,SAT,8,106,0,true,true,false
Nat.lt_div_iff_mul_lt',1,SAT,9,55,0,false,true,false
Nat.lt_div_iff_mul_lt',2,SAT,9,55,0,true,true,false
Nat.lt_div_iff_mul_lt',3,SAT,8,106,0,true,true,false
Nat.lt_div_iff_mul_lt',4,SAT,8,55,0,true,true,false
Nat.lt_div_iff_mul_lt',5,SAT,8,56,0,true,true,false
Nat.lt_div_iff_mul_lt',6,SAT,8,506,0,true,true,false
Nat.lt_div_iff_mul_lt',7,SAT,8,506,0,true,true,false
Nat.lt_div_iff_mul_lt',8,SAT,9,55,0,true,true,false
Nat.pos_of_mul_pos_left,0,SAT,7,455,1,true,true,false
Nat.pos_of_mul_pos_left,1,SAT,8,505,1,true,true,false
Nat.pos_of_mul_pos_left,2,UNKNOWN,8,11068,0,false,false,false
Nat.add_left_min_self,0,UNKNOWN,9,11072,0,false,false,false
Nat.add_left_min_self,1,UNKNOWN,9,11071,0,false,false,false
Nat.exists_eq_add_of_le,0,UNKNOWN,1,11069,0,false,false,false
Nat.exists_eq_add_of_le,1,UNSAT,8,55,0,true,true,false
Nat.exists_eq_add_of_le,2,UNSAT,7,55,0,true,true,false
Nat.lt_mul_iff_one_lt_right,0,SAT,7,56,0,true,true,false
Nat.lt_mul_iff_one_lt_right,1,SAT,7,55,0,true,true,false
Nat.lt_mul_iff_one_lt_right,2,SAT,7,455,0,true,true,false
Nat.lt_mul_iff_one_lt_right,3,SAT,8,55,0,true,true,false
Nat.lt_mul_iff_one_lt_right,4,SAT,7,55,1,true,true,false
Nat.exists_eq_add_one,0,SAT,8,55,0,true,true,false
Nat.exists_eq_add_one,1,SAT,7,55,0,true,false,false
Nat.sub_one_lt_of_le,0,SAT,7,55,0,true,true,false
Nat.sub_one_lt_of_le,1,SAT,7,56,0,true,true,false
Nat.sub_one_lt_of_le,2,SAT,8,506,0,true,true,false
Nat.sub_one_lt_of_le,3,UNSAT,7,55,0,true,true,false
Nat.sub_one_lt_of_le,4,UNSAT,7,55,0,true,true,false
Nat.mul_eq_zero,0,SAT,2,55,0,true,true,false
Nat.mul_eq_zero,1,SAT,1,55,0,true,true,false
Nat.mul_eq_zero,2,SAT,1,55,0,true,true,false
Nat.mul_eq_zero,3,SAT,2,55,0,true,true,false
Nat.pow_eq_zero,0,SAT,2,56,0,true,true,false
Nat.pow_eq_zero,1,SAT,1,55,1,true,true,false
Nat.pow_eq_zero,2,SAT,1,56,0,true,true,false
Nat.le_log2,0,ERR_ENCODING,5,0,0,false,false,false
Nat.le_log2,1,ERR_ENCODING,5,0,0,false,false,false
Nat.le_log2,2,ERR_ENCODING,5,0,0,false,false,false
Nat.le_log2,3,ERR_ENCODING,4,0,0,false,false,false
Nat.min_assoc,0,UNKNOWN,7,9818,0,false,false,false
Nat.min_assoc,1,UNKNOWN,9,9869,1,false,false,false
Nat.min_assoc,2,UNKNOWN,8,9968,0,false,false,false
Nat.min_assoc,3,UNKNOWN,8,9618,0,false,false,false
Nat.min_assoc,4,UNKNOWN,8,9719,0,false,false,false
Nat.min_assoc,5,UNKNOWN,8,9668,0,false,false,false
Nat.add_left_cancel_iff,0,SAT,1,456,0,true,true,false
Nat.add_left_cancel_iff,1,SAT,1,56,0,true,true,false
Nat.add_left_cancel_iff,2,SAT,1,55,0,true,true,false
Nat.add_left_cancel_iff,3,SAT,1,55,0,true,true,false
Nat.add_left_cancel_iff,4,SAT,1,55,0,true,true,false
Nat.add_left_cancel_iff,5,SAT,1,56,0,true,true,false
Nat.add_left_cancel_iff,6,SAT,0,56,0,true,true,false
Nat.sub_min_sub_right,0,UNKNOWN,9,11071,0,false,false,false
Nat.sub_min_sub_right,1,UNKNOWN,9,11067,0,false,false,false
Nat.sub_min_sub_right,2,UNKNOWN,9,11070,0,false,false,false
Nat.sub_min_sub_right,3,UNKNOWN,9,11069,0,false,false,false
Nat.sub_min_sub_right,4,UNKNOWN,9,11068,0,false,false,false
Nat.sub_min_sub_right,5,UNKNOWN,9,11070,1,false,false,false
Nat.add_sub_sub_add_right,0,SAT,2,55,0,true,true,false
Nat.add_sub_sub_add_right,1,SAT,2,55,0,true,true,false
Nat.add_sub_sub_add_right,2,SAT,1,56,0,true,true,false
Nat.add_sub_sub_add_right,3,SAT,1,556,0,true,true,false
Nat.add_sub_sub_add_right,4,SAT,1,56,0,true,true,false
Nat.add_sub_sub_add_right,5,SAT,2,55,0,true,true,false
Nat.add_sub_sub_add_right,6,SAT,1,55,1,true,true,false
Nat.add_sub_sub_add_right,7,SAT,1,55,1,true,true,false
Nat.add_sub_sub_add_right,8,SAT,1,56,0,true,true,false
Nat.add_sub_sub_add_right,9,SAT,1,506,0,true,true,false
Nat.add_sub_sub_add_right,10,SAT,2,55,0,true,true,false
Nat.add_sub_sub_add_right,11,SAT,1,56,0,true,true,false
Nat.mul_lt_mul_of_le_of_lt',0,SAT,7,56,0,true,true,false
Nat.mul_lt_mul_of_le_of_lt',1,SAT,7,56,0,true,true,false
Nat.mul_lt_mul_of_le_of_lt',2,SAT,7,56,0,true,true,false
Nat.mul_lt_mul_of_le_of_lt',3,SAT,6,56,0,true,true,false
Nat.mul_lt_mul_of_le_of_lt',4,SAT,7,456,0,true,true,false
Nat.mul_lt_mul_of_le_of_lt',5,SAT,8,55,0,true,true,false
Nat.mul_lt_mul_of_le_of_lt',6,UNKNOWN,7,11070,0,false,false,false
Nat.mul_lt_mul_of_le_of_lt',7,SAT,8,56,0,true,true,false
Nat.mul_lt_mul_of_le_of_lt',8,SAT,7,56,0,true,true,false
Nat.mul_lt_mul_of_le_of_lt',9,UNKNOWN,7,11070,0,false,false,false
Nat.mul_lt_mul_of_le_of_lt',10,SAT,8,55,1,true,true,false
Nat.mul_lt_mul_of_le_of_lt',11,SAT,7,456,0,true,true,false
Nat.mul_lt_mul_of_le_of_lt',12,SAT,7,55,0,true,true,false
Nat.mul_lt_mul_of_le_of_lt',13,SAT,7,56,0,true,true,false
Nat.mul_lt_mul_of_le_of_lt',14,SAT,7,55,0,true,true,false
Nat.mul_lt_mul_of_le_of_lt',15,SAT,7,56,0,false,true,false
Nat.sub_one_sub_lt,0,SAT,7,56,0,true,true,false
Nat.sub_one_sub_lt,1,UNKNOWN,7,11070,0,false,false,false
Nat.sub_one_sub_lt,2,UNKNOWN,7,11121,0,false,false,false
Nat.sub_one_sub_lt,3,SAT,7,107,0,true,true,false
Nat.le_or_le_of_add_eq_add_pred,0,SAT,7,55,0,true,true,true
Nat.le_or_le_of_add_eq_add_pred,1,SAT,7,55,0,true,true,false
Nat.le_or_le_of_add_eq_add_pred,2,UNSAT,8,55,0,true,true,false
Nat.le_or_le_of_add_eq_add_pred,3,SAT,7,55,0,true,true,false
Nat.le_or_le_of_add_eq_add_pred,4,SAT,7,55,1,true,true,false
Nat.le_or_le_of_add_eq_add_pred,5,UNSAT,6,56,0,true,true,false
Nat.le_or_le_of_add_eq_add_pred,6,SAT,7,456,0,true,true,false
Nat.le_or_le_of_add_eq_add_pred,7,SAT,7,56,0,true,true,false
Nat.le_or_le_of_add_eq_add_pred,8,SAT,7,56,0,true,true,false
Nat.le_or_le_of_add_eq_add_pred,9,SAT,7,55,0,true,true,false
Nat.le_or_le_of_add_eq_add_pred,10,SAT,7,56,0,true,true,false
Nat.le_or_le_of_add_eq_add_pred,11,UNSAT,7,56,0,true,true,false
Nat.le_or_le_of_add_eq_add_pred,12,SAT,7,55,0,true,true,false
Nat.le_or_le_of_add_eq_add_pred,13,UNSAT,7,55,0,true,true,false
Nat.le_self_pow,0,SAT,7,56,0,true,true,false
Nat.le_self_pow,1,SAT,7,55,0,true,true,false
Nat.le_self_pow,2,UNKNOWN,7,11120,0,false,false,false
Nat.mul_div_right_comm,0,SAT,8,506,0,false,true,false
Nat.mul_div_right_comm,1,SAT,8,56,0,true,true,false
Nat.mul_div_right_comm,2,SAT,8,56,0,false,true,false
Nat.mul_div_right_comm,3,SAT,8,56,0,false,true,false
Nat.mul_div_right_comm,4,SAT,9,506,0,true,true,false
Nat.mul_div_right_comm,5,SAT,8,356,0,true,true,false
Nat.mul_div_right_comm,6,SAT,8,56,0,true,true,false
Nat.sub_lt_sub_iff_right,0,SAT,7,56,0,true,true,false
Nat.sub_lt_sub_iff_right,1,SAT,7,55,0,true,true,false
Nat.sub_lt_sub_iff_right,2,SAT,7,55,0,true,true,false
Nat.sub_lt_sub_iff_right,3,SAT,7,56,0,true,true,false
Nat.sub_lt_sub_iff_right,4,SAT,7,56,0,true,true,false
Nat.sub_lt_sub_iff_right,5,SAT,8,55,0,true,true,false
Nat.sub_lt_sub_iff_right,6,SAT,7,55,0,true,true,false
Nat.sub_lt_sub_iff_right,7,SAT,8,157,0,true,true,false
Nat.sub_lt_sub_iff_right,8,SAT,7,55,0,true,true,false
Nat.le_of_mod_lt,0,SAT,6,55,0,true,true,true
Nat.le_of_mod_lt,1,UNSAT,8,56,0,true,true,false
Nat.le_of_mod_lt,2,UNSAT,8,55,0,true,true,false
Nat.pow_sub_mul_pow,0,SAT,2,56,0,true,true,false
Nat.pow_sub_mul_pow,1,SAT,8,1007,0,true,true,false
Nat.pow_sub_mul_pow,2,SAT,8,106,0,true,true,false
Nat.pow_sub_mul_pow,3,SAT,8,55,0,true,true,false
Nat.pow_sub_mul_pow,4,SAT,8,55,0,true,true,false
Nat.pow_sub_mul_pow,5,SAT,7,56,0,true,true,false
Nat.pow_sub_mul_pow,6,SAT,7,56,0,true,true,false
Nat.not_dvd_of_pos_of_lt,0,SAT,7,55,1,true,true,false
Nat.not_dvd_of_pos_of_lt,1,SAT,7,55,1,true,true,false
Nat.not_dvd_of_pos_of_lt,2,SAT,7,55,0,true,true,false
Nat.not_dvd_of_pos_of_lt,3,SAT,7,456,0,true,true,false
Nat.min_add_right_self,0,UNKNOWN,8,11070,1,false,false,false
Nat.min_add_right_self,1,UNKNOWN,9,11071,0,false,false,false
Nat.mod_two_ne_one,0,SAT,8,506,0,true,true,false
Nat.lt_of_div_lt_div,0,SAT,6,55,0,true,true,false
Nat.lt_of_div_lt_div,1,SAT,7,506,0,true,true,false
Nat.lt_of_div_lt_div,2,SAT,8,106,0,true,true,false
Nat.lt_of_div_lt_div,3,SAT,8,56,0,true,true,false
Nat.lt_of_div_lt_div,4,SAT,7,56,0,true,true,false
Nat.lt_of_div_lt_div,5,SAT,7,56,0,true,true,false
Nat.eq_sub_of_add_eq,0,SAT,1,55,0,true,true,true
Nat.eq_sub_of_add_eq,1,SAT,2,55,0,true,true,false
Nat.eq_sub_of_add_eq,2,SAT,2,55,0,true,true,false
Nat.eq_sub_of_add_eq,3,SAT,1,55,1,true,true,false
Nat.eq_sub_of_add_eq,4,SAT,2,55,0,true,true,false
Nat.eq_sub_of_add_eq,5,SAT,1,56,0,true,true,false
Nat.eq_sub_of_add_eq,6,SAT,2,56,0,true,true,false
Nat.mul_add_mul_div_of_dvd,0,SAT,8,55,1,true,true,false
Nat.mul_add_mul_div_of_dvd,1,SAT,9,55,1,true,true,false
Nat.mul_add_mul_div_of_dvd,2,UNKNOWN,8,11070,0,false,false,false
Nat.mul_add_mul_div_of_dvd,3,UNKNOWN,8,11070,0,false,false,false
Nat.mul_add_mul_div_of_dvd,4,SAT,8,56,0,true,true,false
Nat.mul_add_mul_div_of_dvd,5,SAT,9,56,0,false,true,false
Nat.mul_add_mul_div_of_dvd,6,SAT,8,507,0,false,true,false
Nat.mul_add_mul_div_of_dvd,7,SAT,8,506,1,false,true,false
Nat.mul_add_mul_div_of_dvd,8,SAT,8,56,0,false,true,false
Nat.mul_add_mul_div_of_dvd,9,SAT,8,56,0,true,true,false
Nat.mul_add_mul_div_of_dvd,10,SAT,9,55,0,true,true,false
Nat.mul_add_mul_div_of_dvd,11,SAT,8,507,0,true,true,false
Nat.mul_add_mul_div_of_dvd,12,SAT,8,56,0,true,true,false
Nat.mul_add_mul_div_of_dvd,13,SAT,9,506,0,true,true,false
Nat.mul_add_mul_div_of_dvd,14,SAT,8,56,0,true,true,false
Nat.mul_add_mul_div_of_dvd,15,SAT,8,56,0,true,true,false
Nat.div_ne_zero_iff_of_dvd,0,SAT,7,506,1,true,true,false
Nat.div_ne_zero_iff_of_dvd,1,UNKNOWN,8,11069,0,false,false,false
Nat.div_ne_zero_iff_of_dvd,2,SAT,8,56,0,true,true,false
Nat.div_ne_zero_iff_of_dvd,3,SAT,8,56,0,true,true,false
Nat.mul_lt_mul_of_le_of_lt,0,SAT,8,56,0,true,true,false
Nat.mul_lt_mul_of_le_of_lt,1,SAT,7,55,0,true,true,false
Nat.mul_lt_mul_of_le_of_lt,2,SAT,7,55,0,true,true,false
Nat.mul_lt_mul_of_le_of_lt,3,SAT,7,56,0,true,true,false
Nat.mul_lt_mul_of_le_of_lt,4,SAT,8,55,0,true,true,false
Nat.mul_lt_mul_of_le_of_lt,5,SAT,8,455,1,true,true,false
Nat.mul_lt_mul_of_le_of_lt,6,SAT,8,55,0,true,true,false
Nat.mul_lt_mul_of_le_of_lt,7,SAT,7,206,0,true,true,false
Nat.mul_lt_mul_of_le_of_lt,8,UNKNOWN,7,11069,0,false,false,false
Nat.mul_lt_mul_of_le_of_lt,9,SAT,7,3360,0,true,true,false
Nat.mul_lt_mul_of_le_of_lt,10,SAT,7,55,0,true,true,false
Nat.mul_lt_mul_of_le_of_lt,11,SAT,7,55,0,true,true,false
Nat.mul_lt_mul_of_le_of_lt,12,SAT,7,456,0,true,true,false
Nat.mul_lt_mul_of_le_of_lt,13,SAT,7,456,0,true,true,false
Nat.mul_lt_mul_of_le_of_lt,14,SAT,8,56,0,true,true,false
Nat.mul_lt_mul_of_le_of_lt,15,SAT,7,56,0,true,true,false
Nat.div_div_self,0,SAT,8,507,0,true,true,false
Nat.div_div_self,1,SAT,7,507,0,true,true,false
Nat.div_div_self,2,SAT,8,506,0,false,true,false
Nat.div_div_self,3,SAT,9,6262,0,false,true,false
Nat.add_mod_eq_add_mod_right,0,SAT,7,56,0,true,true,false
Nat.add_mod_eq_add_mod_right,1,SAT,8,506,0,true,true,false
Nat.add_mod_eq_add_mod_right,2,SAT,8,56,0,true,true,false
Nat.add_mod_eq_add_mod_right,3,SAT,9,55,0,true,true,false
Nat.add_mod_eq_add_mod_right,4,SAT,8,56,0,true,true,false
Nat.add_mod_eq_add_mod_right,5,SAT,8,55,0,true,true,false
Nat.add_mod_eq_add_mod_right,6,SAT,8,56,0,true,true,false
Nat.add_mod_eq_add_mod_right,7,SAT,7,56,0,true,true,false
Nat.add_mod_eq_add_mod_right,8,UNSAT,8,56,0,true,true,false
Nat.add_mod_eq_add_mod_right,9,SAT,9,56,0,true,true,false
Nat.add_mod_eq_add_mod_right,10,UNSAT,9,456,0,true,true,false
Nat.add_mod_eq_add_mod_right,11,SAT,8,56,0,true,true,false
Nat.add_mod_eq_add_mod_right,12,SAT,7,57,0,true,true,false
Nat.le_one_iff_eq_zero_or_eq_one,0,SAT,6,56,0,true,true,true
Nat.le_one_iff_eq_zero_or_eq_one,1,SAT,6,56,0,true,true,true
Nat.eq_div_of_mul_eq_left,0,SAT,8,56,0,true,true,false
Nat.eq_div_of_mul_eq_left,1,SAT,7,506,1,true,true,false
Nat.eq_div_of_mul_eq_left,2,SAT,8,56,0,false,true,false
Nat.eq_div_of_mul_eq_left,3,SAT,9,55,0,true,true,false
Nat.eq_div_of_mul_eq_left,4,SAT,8,56,0,true,true,false
Nat.eq_div_of_mul_eq_left,5,SAT,8,6263,0,false,true,false
Nat.eq_div_of_mul_eq_left,6,SAT,8,106,0,true,true,false
Nat.eq_div_of_mul_eq_left,7,SAT,8,55,0,true,true,false
Nat.min_right_comm,0,UNKNOWN,8,9868,0,false,false,false
Nat.min_right_comm,1,UNKNOWN,9,9768,0,false,false,false
Nat.min_right_comm,2,UNKNOWN,9,9668,0,false,false,false
Nat.min_right_comm,3,UNKNOWN,8,9816,0,false,false,false
Nat.min_right_comm,4,UNKNOWN,8,9818,0,false,false,false
Nat.min_right_comm,5,UNKNOWN,8,9768,0,false,false,false
Nat.sub_mul_mod,0,SAT,8,56,0,true,true,false
Nat.sub_mul_mod,1,SAT,8,56,0,true,true,false
Nat.sub_mul_mod,2,SAT,8,56,0,true,true,false
Nat.sub_mul_mod,3,SAT,8,56,0,true,true,false
Nat.sub_mul_mod,4,SAT,8,56,0,true,true,false
Nat.sub_mul_mod,5,SAT,8,56,0,false,true,false
Nat.sub_mul_mod,6,SAT,8,56,0,true,true,false
Nat.pos_of_lt_mul_right,0,SAT,6,56,0,true,true,false
Nat.pos_of_lt_mul_right,1,UNKNOWN,7,10269,0,false,false,false
Nat.pos_of_lt_mul_right,2,SAT,7,56,0,true,true,false
Nat.pos_of_lt_mul_right,3,SAT,8,106,1,true,true,false
Nat.mod_add_mod,0,SAT,8,56,0,true,true,false
Nat.mod_add_mod,1,SAT,8,56,0,true,true,false
Nat.mod_add_mod,2,SAT,8,56,0,false,true,false
Nat.mod_add_mod,3,SAT,7,56,0,true,true,false
Nat.mod_add_mod,4,SAT,8,56,0,true,true,false
Nat.mod_add_mod,5,SAT,8,56,0,true,true,false
Nat.not_succ_lt_self,0,SAT,7,55,1,true,true,false
Nat.lt_mul_self_iff,0,SAT,7,56,0,true,true,false
Nat.lt_mul_self_iff,1,SAT,7,56,0,true,true,false
Nat.one_le_pow,0,SAT,7,56,0,true,true,false
Nat.one_le_pow,1,UNKNOWN,7,11070,0,false,false,false
Nat.one_le_pow,2,UNKNOWN,7,11121,0,false,false,false
Nat.mul_left_inj,0,SAT,2,55,0,true,true,false
Nat.mul_left_inj,1,SAT,1,56,0,true,true,false
Nat.mul_left_inj,2,SAT,1,55,0,true,true,false
Nat.mul_left_inj,3,SAT,1,56,0,true,true,false
Nat.mul_left_inj,4,SAT,1,56,0,true,true,false
Nat.mul_left_inj,5,SAT,1,56,0,true,true,false
Nat.mul_left_inj,6,SAT,1,106,0,true,true,false
Nat.mul_left_inj,7,SAT,2,55,0,true,true,false
Nat.pos_of_lt_add_left,0,SAT,7,55,0,true,true,false
Nat.pos_of_lt_add_left,1,SAT,7,56,0,true,true,false
Nat.pos_of_lt_add_left,2,SAT,7,56,0,true,true,false
Nat.pow_le_pow_iff_right,0,SAT,8,55,0,true,true,false
Nat.pow_le_pow_iff_right,1,SAT,8,55,0,true,true,false
Nat.pow_le_pow_iff_right,2,SAT,7,56,0,true,true,false
Nat.pow_le_pow_iff_right,3,SAT,7,56,0,true,true,false
Nat.pow_le_pow_iff_right,4,SAT,7,56,0,true,true,false
Nat.pow_le_pow_iff_right,5,SAT,7,56,0,true,true,false
Nat.pow_le_pow_iff_right,6,SAT,7,156,0,true,true,false
Nat.pow_le_pow_iff_right,7,SAT,7,207,0,true,true,false
Nat.add_sub_cancel_right,0,SAT,1,56,0,true,true,false
Nat.add_sub_cancel_right,1,SAT,1,56,0,true,true,false
Nat.le_add_pred_of_pos,0,SAT,7,55,1,true,true,false
Nat.le_add_pred_of_pos,1,UNKNOWN,6,11069,0,false,false,false
Nat.le_add_pred_of_pos,2,UNKNOWN,7,10219,0,false,false,false
Nat.mul_lt_mul_of_lt_of_le',0,SAT,7,56,1,true,true,false
Nat.mul_lt_mul_of_lt_of_le',1,SAT,7,56,0,true,true,false
Nat.mul_lt_mul_of_lt_of_le',2,SAT,6,56,0,true,true,false
Nat.mul_lt_mul_of_lt_of_le',3,SAT,7,56,0,true,true,false
Nat.mul_lt_mul_of_lt_of_le',4,UNKNOWN,8,11073,0,false,false,false
Nat.mul_lt_mul_of_lt_of_le',5,UNKNOWN,7,11069,1,false,false,false
Nat.mul_lt_mul_of_lt_of_le',6,SAT,8,56,0,true,true,false
Nat.mul_lt_mul_of_lt_of_le',7,SAT,7,56,0,false,true,false
Nat.mul_lt_mul_of_lt_of_le',8,SAT,7,55,1,true,true,false
Nat.mul_lt_mul_of_lt_of_le',9,SAT,7,55,0,true,true,false
Nat.mul_lt_mul_of_lt_of_le',10,SAT,7,55,0,true,true,false
Nat.mul_lt_mul_of_lt_of_le',11,SAT,8,456,0,true,true,false
Nat.mul_lt_mul_of_lt_of_le',12,SAT,8,157,0,true,true,false
Nat.mul_lt_mul_of_lt_of_le',13,SAT,8,56,0,true,true,false
Nat.mul_lt_mul_of_lt_of_le',14,SAT,7,56,0,true,true,false
Nat.mul_lt_mul_of_lt_of_le',15,SAT,7,56,0,true,true,false
Nat.le_sub_iff_add_le',0,SAT,7,56,0,true,true,false
Nat.le_sub_iff_add_le',1,SAT,7,55,0,true,true,false
Nat.le_sub_iff_add_le',2,SAT,8,55,0,true,true,false
Nat.le_sub_iff_add_le',3,SAT,7,257,0,true,true,false
Nat.le_sub_iff_add_le',4,SAT,7,56,0,true,true,false
Nat.le_sub_iff_add_le',5,SAT,6,507,0,true,true,false
Nat.le_sub_iff_add_le',6,SAT,7,56,0,true,true,false
Nat.le_sub_iff_add_le',7,SAT,7,56,0,true,true,false
Nat.forall_lt_succ_right',0,SAT,7,56,0,true,true,false
Nat.max_left_comm,0,UNKNOWN,9,9868,0,false,false,false
Nat.max_left_comm,1,UNKNOWN,9,9767,0,false,false,false
Nat.max_left_comm,2,UNKNOWN,9,9767,0,false,false,false
Nat.max_left_comm,3,UNKNOWN,8,10069,0,false,false,false
Nat.max_left_comm,4,UNKNOWN,9,9819,0,false,false,false
Nat.max_left_comm,5,UNKNOWN,8,9869,0,false,false,false
Nat.div_le_div_of_mul_le_mul,0,SAT,8,507,0,true,true,false
Nat.div_le_div_of_mul_le_mul,1,UNKNOWN,8,11069,0,false,false,false
Nat.div_le_div_of_mul_le_mul,2,SAT,8,507,0,true,true,false
Nat.div_le_div_of_mul_le_mul,3,SAT,8,56,0,false,true,false
Nat.div_le_div_of_mul_le_mul,4,SAT,8,6263,0,false,true,false
Nat.div_le_div_of_mul_le_mul,5,SAT,8,56,0,true,true,false
Nat.div_le_div_of_mul_le_mul,6,SAT,9,56,0,false,true,false
Nat.div_le_div_of_mul_le_mul,7,SAT,8,6214,0,false,true,false
Nat.div_le_div_of_mul_le_mul,8,SAT,8,55,1,false,true,false
Nat.div_le_div_of_mul_le_mul,9,SAT,9,506,0,false,true,false
Nat.div_le_div_of_mul_le_mul,10,SAT,8,56,0,false,true,false
Nat.div_le_div_of_mul_le_mul,11,SAT,8,56,0,false,true,false
Nat.div_le_div_of_mul_le_mul,12,SAT,9,55,1,false,true,false
Nat.div_le_div_of_mul_le_mul,13,SAT,8,56,0,true,true,false
Nat.div_le_div_of_mul_le_mul,14,UNKNOWN,9,11069,0,false,false,false
Nat.lt_one_add_iff,0,SAT,6,56,0,true,true,false
Nat.lt_one_add_iff,1,SAT,7,56,0,true,true,false
Nat.lt_one_add_iff,2,SAT,7,55,0,true,true,false
Nat.lt_one_add_iff,3,SAT,8,56,0,true,true,false
Nat.div_mul_div_le_div,0,SAT,9,56,0,true,true,false
Nat.div_mul_div_le_div,1,SAT,7,56,0,false,true,false
Nat.div_mul_div_le_div,2,SAT,8,56,0,true,true,false
Nat.div_mul_div_le_div,3,SAT,9,208,0,true,true,false
Nat.div_mul_div_le_div,4,SAT,9,506,0,false,true,false
Nat.div_mul_div_le_div,5,SAT,8,56,0,true,true,false
Nat.mul_div_cancel_left',0,SAT,7,56,0,true,true,false
Nat.mul_div_cancel_left',1,SAT,7,6214,0,false,true,false
Nat.mul_div_cancel_left',2,SAT,8,56,0,true,true,false
Nat.mul_lt_mul_of_lt_of_le,0,SAT,7,55,1,true,true,false
Nat.mul_lt_mul_of_lt_of_le,1,SAT,7,56,0,true,true,false
Nat.mul_lt_mul_of_lt_of_le,2,SAT,7,56,0,true,true,false
Nat.mul_lt_mul_of_lt_of_le,3,SAT,9,56,0,true,true,false
Nat.mul_lt_mul_of_lt_of_le,4,SAT,6,57,0,true,true,false
Nat.mul_lt_mul_of_lt_of_le,5,SAT,7,56,0,true,true,false
Nat.mul_lt_mul_of_lt_of_le,6,SAT,8,56,0,true,true,false
Nat.mul_lt_mul_of_lt_of_le,7,SAT,7,56,0,true,true,false
Nat.mul_lt_mul_of_lt_of_le,8,SAT,7,56,0,true,true,false
Nat.mul_lt_mul_of_lt_of_le,9,SAT,6,56,0,true,true,false
Nat.mul_lt_mul_of_lt_of_le,10,SAT,7,456,0,false,true,false
Nat.mul_lt_mul_of_lt_of_le,11,UNKNOWN,7,11069,1,false,false,false
Nat.mul_lt_mul_of_lt_of_le,12,SAT,7,56,0,true,true,false
Nat.mul_lt_mul_of_lt_of_le,13,SAT,7,106,0,true,true,false
Nat.mul_lt_mul_of_lt_of_le,14,SAT,7,56,0,true,true,false
Nat.mul_lt_mul_of_lt_of_le,15,SAT,7,56,0,true,true,false
Nat.right_eq_add,0,SAT,1,55,0,true,true,false
Nat.right_eq_add,1,SAT,1,55,0,true,true,false
Nat.right_eq_add,2,SAT,1,56,0,true,true,false
Nat.eq_zero_of_le_div_two,0,SAT,1,55,0,true,true,true
Nat.mul_eq_right,0,SAT,1,56,0,true,true,false
Nat.mul_eq_right,1,SAT,1,456,1,true,true,false
Nat.mul_eq_right,2,SAT,1,56,0,true,true,false
Nat.mul_eq_right,3,SAT,1,55,0,true,true,false
Nat.exists_lt_succ_left',0,SAT,7,106,0,true,false,false
Nat.exists_lt_succ_left',1,SAT,7,56,0,true,false,false
Nat.eq_zero_of_dvd_of_lt,0,SAT,6,56,0,true,true,false
Nat.eq_zero_of_dvd_of_lt,1,SAT,1,56,0,true,true,false
Nat.eq_zero_of_dvd_of_lt,2,SAT,7,55,1,true,true,false
Nat.mul_div_eq_iff_dvd,0,UNKNOWN,7,11072,0,false,false,false
Nat.mul_div_eq_iff_dvd,1,SAT,8,56,0,true,false,false
Nat.mul_div_eq_iff_dvd,2,SAT,8,707,0,true,false,false
Nat.mul_right_comm,0,SAT,1,56,0,true,true,false
Nat.mul_right_comm,1,SAT,1,55,0,true,true,false
Nat.mul_right_comm,2,SAT,2,156,0,true,true,false
Nat.mul_right_comm,3,SAT,1,56,0,true,true,false
Nat.mul_right_comm,4,SAT,2,55,0,true,true,false
Nat.mul_right_comm,5,SAT,1,56,0,true,true,false
Nat.one_le_of_lt,0,SAT,7,55,0,true,true,true
Nat.one_le_of_lt,1,SAT,7,55,0,true,true,false
Nat.one_lt_succ_succ,0,SAT,7,56,0,true,true,false
Nat.lt_of_lt_pred,0,SAT,7,56,0,true,true,false
Nat.lt_of_lt_pred,1,SAT,7,56,0,true,true,false
Nat.lt_of_lt_pred,2,SAT,7,56,0,true,true,false
Nat.lt_of_lt_pred,3,SAT,8,106,0,true,true,false
Nat.max_min_distrib_right,0,UNKNOWN,10,10168,0,false,false,false
Nat.max_min_distrib_right,1,UNKNOWN,10,10219,0,false,false,false
Nat.max_min_distrib_right,2,UNKNOWN,10,10119,0,false,false,false
Nat.max_min_distrib_right,3,UNKNOWN,9,10169,0,false,false,false
Nat.max_min_distrib_right,4,UNKNOWN,9,10170,1,false,false,false
Nat.max_min_distrib_right,5,UNKNOWN,9,10169,0,false,false,false
Nat.eq_div_of_mul_eq_right,0,SAT,8,56,0,true,true,false
Nat.eq_div_of_mul_eq_right,1,SAT,8,56,0,true,true,false
Nat.eq_div_of_mul_eq_right,2,SAT,9,56,0,true,true,false
Nat.eq_div_of_mul_eq_right,3,SAT,8,56,0,true,true,false
Nat.eq_div_of_mul_eq_right,4,SAT,8,56,0,false,true,false
Nat.eq_div_of_mul_eq_right,5,SAT,7,56,0,true,true,false
Nat.eq_div_of_mul_eq_right,6,SAT,8,56,0,false,true,false
Nat.eq_div_of_mul_eq_right,7,SAT,8,56,0,true,true,false
Nat.sub_succ',0,SAT,1,56,0,true,true,true
Nat.sub_succ',1,SAT,1,56,0,true,true,true
Nat.div_dvd_iff_dvd_mul,0,UNKNOWN,8,11070,0,false,false,false
Nat.div_dvd_iff_dvd_mul,1,UNKNOWN,8,11071,0,false,false,false
Nat.div_dvd_iff_dvd_mul,2,UNKNOWN,8,11070,0,false,false,false
Nat.div_dvd_iff_dvd_mul,3,UNKNOWN,8,11071,0,false,false,false
Nat.div_dvd_iff_dvd_mul,4,UNKNOWN,8,11070,0,false,false,false
Nat.div_dvd_iff_dvd_mul,5,UNKNOWN,8,11072,0,false,false,false
Nat.div_dvd_iff_dvd_mul,6,UNKNOWN,8,11068,0,false,false,false
Nat.div_dvd_iff_dvd_mul,7,UNKNOWN,8,11069,0,false,false,false
Nat.div_dvd_iff_dvd_mul,8,UNKNOWN,9,11070,0,false,false,false
Nat.mul_le_add_right,0,SAT,7,56,0,true,true,false
Nat.mul_le_add_right,1,SAT,7,556,0,true,true,false
Nat.mul_le_add_right,2,SAT,7,407,0,true,true,false
Nat.mul_le_add_right,3,SAT,8,56,0,true,true,false
Nat.mul_le_add_right,4,SAT,8,457,0,true,true,false
Nat.mul_le_add_right,5,SAT,8,456,0,true,true,false
Nat.mul_le_add_right,6,SAT,8,56,0,true,true,false
Nat.div_eq_sub_mod_div,0,SAT,9,56,0,true,true,false
Nat.div_eq_sub_mod_div,1,SAT,8,557,0,true,true,false
